criterion,max_depth,min_samples_split,min_samples_leaf,max_features,class_weight,ccp_alpha,decision_threshold,accuracy,precision,recall,f1,roc_auc,average_precision
entropy,20,2,1,,,0.0,0.5,0.9983049522401638,0.9962611708918475,0.9950452665901598,0.9956528475215762,0.999467859503944,0.9983247703070791
entropy,20,50,1,,,0.0,0.5,0.9982018990220605,0.9960600477901611,0.9947173798203909,0.9953882610280714,0.999631460904336,0.9988987340079303
gini,20,50,1,,,0.0,0.5,0.9981450420741415,0.9966388396689988,0.9938430151010074,0.995238963881795,0.999556009836845,0.9991494840896857
gini,20,2,1,,,0.0,0.5,0.9981272742779168,0.9965841005406986,0.9938065832376997,0.9951934039273629,0.9990605941728221,0.9981257000419999
entropy,20,2,20,,,0.0,0.5,0.998109506481692,0.9958590999470986,0.9944441408455835,0.9951511174304568,0.9997291768309897,0.9991685403636662
entropy,20,50,20,,,0.0,0.5,0.9980952922447123,0.9957321855222602,0.994498788640545,0.9951151048976542,0.999735408226728,0.9991614742916172
gini,20,50,20,,,0.0,0.5,0.9979424891971799,0.9960547945205479,0.9933876168096617,0.9947194177679279,0.9996361102850401,0.9992216473116261
gini,20,2,20,,,0.0,0.5,0.997938935637935,0.9959822488448965,0.9934422646046231,0.9947106352709432,0.9996179982153431,0.9991891494305112
entropy,15,2,1,,,0.0,0.5,0.9979069536047305,0.9955109489051095,0.9937519354427382,0.9946306644666673,0.9997582591841815,0.9991786967694671
entropy,15,50,1,,,0.0,0.5,0.9978465430975665,0.9954010402408979,0.9935515601945462,0.9944754403238157,0.9997687555949843,0.9993351483723136
entropy,15,50,20,,,0.0,0.5,0.9977221685239936,0.9950545640351838,0.993260105288085,0.9941565249099776,0.9997932824976044,0.9993672096948474
entropy,15,2,20,,,0.0,0.5,0.9977186149647487,0.995036405773828,0.993260105288085,0.9941474620770129,0.9997844531455984,0.9993540461790478
gini,20,2,1,,balanced,0.0,0.5,0.9972246702297021,0.9868998776362197,0.9990345556223473,0.9929301432981198,0.9997060148506031,0.9990560408776449
entropy,20,2,1,,balanced,0.0,0.5,0.9971571526040482,0.9867026540710752,0.9988888281691167,0.9927583460062278,0.9995651558813686,0.9988258547916302
gini,20,50,1,,balanced,0.0,0.5,0.9970576529451899,0.9860309584164824,0.9990709874856549,0.9925081433224756,0.9997607336158912,0.9993384298028749
entropy,15,2,1,,,0.0001,0.5,0.9970469922674551,0.9940421799042363,0.9908009545148186,0.9924189207681431,0.9998293743064909,0.9993777775251775
entropy,15,2,20,,,0.0001,0.5,0.9970469922674551,0.9940421799042363,0.9908009545148186,0.9924189207681431,0.9998293743064909,0.9993777775251775
entropy,15,50,1,,,0.0001,0.5,0.9970469922674551,0.9940421799042363,0.9908009545148186,0.9924189207681431,0.9998293743064909,0.9993777775251775
entropy,15,50,20,,,0.0001,0.5,0.9970469922674551,0.9940421799042363,0.9908009545148186,0.9924189207681431,0.9998293743064909,0.9993777775251775
entropy,20,2,1,,,0.0001,0.5,0.9970469922674551,0.9940421799042363,0.9908009545148186,0.9924189207681431,0.9998293743064909,0.9993777775251775
entropy,20,2,20,,,0.0001,0.5,0.9970469922674551,0.9940421799042363,0.9908009545148186,0.9924189207681431,0.9998293743064909,0.9993777775251775
entropy,20,50,1,,,0.0001,0.5,0.9970469922674551,0.9940421799042363,0.9908009545148186,0.9924189207681431,0.9998293743064909,0.9993777775251775
entropy,20,50,20,,,0.0001,0.5,0.9970469922674551,0.9940421799042363,0.9908009545148186,0.9924189207681431,0.9998293743064909,0.9993777775251775
entropy,20,50,1,,balanced,0.0,0.5,0.9969794746418013,0.9855887585128749,0.9991256352806164,0.992311032311756,0.9997335174405099,0.9992566252253932
gini,15,2,1,,,0.0,0.5,0.9969688139640664,0.995834709530625,0.988596826784706,0.9922025686731569,0.9992966670128564,0.9982254874879646
gini,15,50,1,,,0.0,0.5,0.9969474926085967,0.9957614678899083,0.9885603949213982,0.9921478651151311,0.9993855150262896,0.9983525837777518
gini,20,2,20,,balanced,0.0,0.5,0.9968551000682283,0.985108676127178,0.9989799078273859,0.9919958034494921,0.9997997696679879,0.9995172969308439
gini,20,50,20,,balanced,0.0,0.5,0.9968266715942689,0.984967132440102,0.9989799078273859,0.9919240334614515,0.9997994986940322,0.9995162119529181
gini,15,2,20,,,0.0,0.5,0.9968515465089834,0.9953774190589746,0.9884510993314753,0.991902167952327,0.9993860582207056,0.9983276813115948
gini,15,50,20,,,0.0,0.5,0.9968444393904935,0.9953954247766506,0.9883964515365138,0.9918835916934776,0.9994043304058933,0.9983600636002996
entropy,20,2,20,,balanced,0.0,0.5,0.9967627075278599,0.9844922281652726,0.9991438512122702,0.9917639294464384,0.999778765587633,0.9993995700522221
entropy,20,50,20,,balanced,0.0,0.5,0.9967378326131453,0.9843859365745975,0.9991256352806164,0.9917010197439792,0.9997782762341618,0.9993976265332988
entropy,15,2,1,,balanced,0.0,0.5,0.9966205651580623,0.9851084493363548,0.9977594404065796,0.991393587272283,0.9997771977264539,0.999320985565872
entropy,15,50,1,,balanced,0.0,0.5,0.9965175119399591,0.984542660459766,0.997814088201541,0.9911339497349232,0.9998219427683485,0.999453255177755
entropy,15,2,20,,balanced,0.0,0.5,0.9964073516033659,0.9840813539832549,0.9977230085432719,0.9908552304282936,0.999820729557754,0.9995132074126564
entropy,15,50,20,,balanced,0.0,0.5,0.9963931373663861,0.984010635622148,0.9977230085432719,0.9908193815067068,0.9998228049874514,0.9995322071982273
gini,20,2,1,,,0.0001,0.5,0.9963433875369571,0.9929355783308931,0.9882871559465909,0.9906059139834029,0.9991402130682505,0.9977570546387745
gini,20,50,20,,,0.0001,0.5,0.9963433875369571,0.9929355783308931,0.9882871559465909,0.9906059139834029,0.9991402130682505,0.9977570546387745
gini,20,2,20,,,0.0001,0.5,0.9963398339777121,0.9929174063432221,0.9882871559465909,0.9905968704924318,0.9991358334552078,0.9976989707373418
gini,20,50,1,,,0.0001,0.5,0.9963398339777121,0.9929174063432221,0.9882871559465909,0.9905968704924318,0.9991358334552078,0.9976989707373418
gini,15,2,1,,,0.0001,0.5,0.9957179611098477,0.993583379297665,0.9844071625043262,0.988973985926963,0.9988577627883868,0.9967298406807681
gini,15,50,20,,,0.0001,0.5,0.9957179611098477,0.993583379297665,0.9844071625043262,0.988973985926963,0.9988577627883868,0.9967298406807681
gini,15,2,20,,,0.0001,0.5,0.9957144075506027,0.9935651118751264,0.9844071625043262,0.9889649366810629,0.9988533807627552,0.9966717838818182
gini,15,50,1,,,0.0001,0.5,0.9957144075506027,0.9935651118751264,0.9844071625043262,0.9889649366810629,0.9988533807627552,0.9966717838818182
entropy,20,2,1,,balanced,0.0001,0.5,0.995518961792131,0.9787902592301649,0.9986702369892708,0.9886303185494414,0.9998602151153934,0.9994433643978804
entropy,20,50,1,,balanced,0.0001,0.5,0.995518961792131,0.9787902592301649,0.9986702369892708,0.9886303185494414,0.9998602151153934,0.9994433643978804
entropy,20,2,20,,balanced,0.0001,0.5,0.9955083011143961,0.978737838079086,0.9986702369892708,0.9886035776110791,0.9998601194964489,0.99944298751484
entropy,20,50,20,,balanced,0.0001,0.5,0.9955083011143961,0.978737838079086,0.9986702369892708,0.9886035776110791,0.9998601194964489,0.99944298751484
entropy,15,2,1,,balanced,0.0001,0.5,0.9952524448487605,0.9779927534938512,0.9981237590396561,0.987955717428149,0.9998525732799088,0.9994098690984059
entropy,15,50,1,,balanced,0.0001,0.5,0.9952524448487605,0.9779927534938512,0.9981237590396561,0.987955717428149,0.9998525732799088,0.9994098690984059
entropy,15,2,20,,balanced,0.0001,0.5,0.9952417841710257,0.97794038907728,0.9981237590396561,0.9879289983502664,0.9998524688148046,0.9994094577858105
entropy,15,50,20,,balanced,0.0001,0.5,0.9952417841710257,0.97794038907728,0.9981237590396561,0.9879289983502664,0.9998524688148046,0.9994094577858105
gini,15,2,1,,balanced,0.0,0.5,0.9951245167159427,0.9783032187728987,0.9971218827986957,0.9876229138475418,0.9997047622343881,0.9987995578284583
gini,15,50,1,,balanced,0.0,0.5,0.9950427848533091,0.9779012433900243,0.9971218827986957,0.9874180368529759,0.9997411990032935,0.9990733689635555
gini,15,2,20,,balanced,0.0,0.5,0.9948864282465317,0.9771842753597315,0.9970672350037343,0.9870256331653308,0.9997602679460023,0.9991739974604644
gini,15,50,20,,balanced,0.0,0.5,0.9948864282465317,0.9771842753597315,0.9970672350037343,0.9870256331653308,0.9997599557569842,0.9991726699324366
entropy,10,50,1,,,0.0,0.5,0.9943747157152604,0.9969056406815047,0.9741880248465308,0.9854159181154013,0.9996516190907736,0.9985722473347037
entropy,10,2,1,,,0.0,0.5,0.9943569479190357,0.9968497772475627,0.9741515929832232,0.9853699882075472,0.999634829160065,0.9985087557824484
entropy,10,2,20,,,0.0,0.5,0.9943285194450762,0.9967937366017336,0.974060513324954,0.9852960144460209,0.9996405671813505,0.998570151710314
entropy,10,50,20,,,0.0,0.5,0.9943249658858313,0.9967751556500019,0.974060513324954,0.9852869369742867,0.99964071881257,0.9985706616153283
entropy,10,2,1,,,0.0001,0.5,0.9941295201273596,0.9967347700345182,0.9730950689473014,0.9847730708254987,0.9996394263886365,0.9984663109749677
entropy,10,2,20,,,0.0001,0.5,0.9941295201273596,0.9967347700345182,0.9730950689473014,0.9847730708254987,0.9996394263886365,0.9984663109749677
entropy,10,50,1,,,0.0001,0.5,0.9941295201273596,0.9967347700345182,0.9730950689473014,0.9847730708254987,0.9996394263886365,0.9984663109749677
entropy,10,50,20,,,0.0001,0.5,0.9941295201273596,0.9967347700345182,0.9730950689473014,0.9847730708254987,0.9996394263886365,0.9984663109749677
gini,20,2,1,,balanced,0.0001,0.5,0.9938843245394587,0.9714017233431439,0.998032679381387,0.9845371476832676,0.9996194299260823,0.9985270157677718
gini,20,2,20,,balanced,0.0001,0.5,0.9938843245394587,0.9714017233431439,0.998032679381387,0.9845371476832676,0.9996194299260823,0.9985270157677718
gini,20,50,1,,balanced,0.0001,0.5,0.9938843245394587,0.9714017233431439,0.998032679381387,0.9845371476832676,0.9996194299260823,0.9985270157677718
gini,20,50,20,,balanced,0.0001,0.5,0.9938843245394587,0.9714017233431439,0.998032679381387,0.9845371476832676,0.9996194299260823,0.9985270157677718
gini,15,2,1,,balanced,0.0001,0.5,0.993514754377985,0.9714326321773735,0.9960471428311201,0.9835859153662814,0.9995975431196178,0.9984149199379444
gini,15,2,20,,balanced,0.0001,0.5,0.993514754377985,0.9714326321773735,0.9960471428311201,0.9835859153662814,0.9995975431196178,0.9984149199379444
gini,15,50,1,,balanced,0.0001,0.5,0.993514754377985,0.9714326321773735,0.9960471428311201,0.9835859153662814,0.9995975431196178,0.9984149199379444
gini,15,50,20,,balanced,0.0001,0.5,0.993514754377985,0.9714326321773735,0.9960471428311201,0.9835859153662814,0.9995975431196178,0.9984149199379444
gini,10,2,1,,,0.0,0.5,0.9932482374346145,0.9916507412286398,0.9735868991019546,0.9825358016067063,0.9963589956951568,0.9928838114018366
gini,10,50,1,,,0.0,0.5,0.9932446838753696,0.9916505863143833,0.9735686831703008,0.9825264493119962,0.9963612973854936,0.9929099185280068
gini,10,2,20,,,0.0,0.5,0.9931913804866954,0.9914111339900199,0.9735322513069931,0.9823903532958347,0.9963418136383142,0.9927589665555919
gini,10,50,20,,,0.0,0.5,0.9931913804866954,0.9914111339900199,0.9735322513069931,0.9823903532958347,0.9963418136383142,0.9927589665555919
gini,10,2,20,,,0.0001,0.5,0.9926370252444848,0.9903098256882437,0.9717653059365722,0.980949929205818,0.9956769873008183,0.9919560625519858
gini,10,50,1,,,0.0001,0.5,0.9926370252444848,0.9903098256882437,0.9717653059365722,0.980949929205818,0.9956769873008183,0.9919560625519858
gini,10,50,20,,,0.0001,0.5,0.9926370252444848,0.9903098256882437,0.9717653059365722,0.980949929205818,0.9956769873008183,0.9919560625519858
gini,10,2,1,,,0.0001,0.5,0.99263347168524,0.99029144236124,0.9717653059365722,0.9809409103864224,0.9956726016160933,0.9918980708964228
gini,10,2,1,,balanced,0.0,0.5,0.9898403741187173,0.9520483686021057,0.9981966227662714,0.9745764972655729,0.9990138784880134,0.9933589700580203
gini,10,50,1,,balanced,0.0,0.5,0.989797731407778,0.9518499218342887,0.9981966227662714,0.9744725119368348,0.9990107469474763,0.9933463190953864
gini,10,2,20,,balanced,0.0,0.5,0.9897764100523084,0.9517350376880058,0.9982148386979252,0.9744209824405423,0.999020032560274,0.9934426690464759
gini,10,50,20,,balanced,0.0,0.5,0.9897550886968387,0.9516358710752987,0.9982148386979252,0.9743690045429895,0.9990198487612012,0.9934418794153046
gini,10,2,1,,balanced,0.0001,0.5,0.9894103934500796,0.9505667123739434,0.9975954970216951,0.973513465469736,0.9988519866884047,0.9928272824480837
gini,10,2,20,,balanced,0.0001,0.5,0.9894103934500796,0.9505667123739434,0.9975954970216951,0.973513465469736,0.9988519866884047,0.9928272824480837
gini,10,50,1,,balanced,0.0001,0.5,0.9894103934500796,0.9505667123739434,0.9975954970216951,0.973513465469736,0.9988519866884047,0.9928272824480837
gini,10,50,20,,balanced,0.0001,0.5,0.9894103934500796,0.9505667123739434,0.9975954970216951,0.973513465469736,0.9988519866884047,0.9928272824480837
entropy,10,2,1,,balanced,0.0,0.5,0.9893713042983853,0.9494025974025974,0.9987431007158861,0.9734480279101974,0.9995173573461913,0.9972582021128009
entropy,10,50,1,,balanced,0.0,0.5,0.9893641971798954,0.9493697187976174,0.9987431007158861,0.9734307450576569,0.9995158983731964,0.997252570051854
entropy,10,50,20,,balanced,0.0,0.5,0.9893073402319763,0.9491067719152472,0.9987431007158861,0.9732925043269871,0.9995267513244458,0.9973545719474877
entropy,10,2,20,,balanced,0.0,0.5,0.9892966795542415,0.9490574855896557,0.9987431007158861,0.9732665885610822,0.9995266873908369,0.997354342526519
entropy,10,2,1,,balanced,0.0001,0.5,0.9892789117580169,0.9490997229916898,0.9985973732626555,0.9732195957641336,0.9995306042290972,0.997253453689359
entropy,10,50,1,,balanced,0.0001,0.5,0.9892789117580169,0.9490997229916898,0.9985973732626555,0.9732195957641336,0.9995306042290972,0.997253453689359
entropy,10,2,20,,balanced,0.0001,0.5,0.989268251080282,0.9490504302061874,0.9985973732626555,0.9731936800994142,0.9995312519288272,0.9972560196293253
entropy,10,50,20,,balanced,0.0001,0.5,0.989268251080282,0.9490504302061874,0.9985973732626555,0.9731936800994142,0.9995312519288272,0.9972560196293253
