experiment,dataset_variant,split,accuracy,precision,recall,f1,roc_auc,average_precision,threshold,scaling,scaler,feature_selection,feature_selection_method,selected_k_features,smote,use_pos_weight,pos_weight_mode,pos_weight_value,hidden_layers,activation,dropout,learning_rate,batch_size,epochs,weight_decay,device,scheduler_enabled,scheduler_factor,scheduler_patience,scheduler_min_lr,early_stopping,patience,min_delta,actual_epochs,best_epoch,best_val_loss,tuning_stage_1,tuning_stage_2,trial,selected_metric
MLP-04h-tune,hard,Validation,0.9849577837161702,0.9519052376195233,0.9720021130480718,0.9618487107153479,0.9987024302151537,0.9947000875598606,0.5,True,standard,True,select_k_best,40,False,False,auto,,"[128, 64]",relu,0.1,0.001,4096,200,0.0001,auto,False,0.5,2,1e-06,True,5,0.0001,46,41,0.035916274531655676,True,True,1,0.9618487107153479
MLP-04h-tune,hard,Validation,0.9814042244712304,0.9155565968270969,0.9965936207807349,0.954357932195407,0.9988690379829229,0.9953853884473773,0.5,True,standard,True,select_k_best,40,False,True,auto,4.126135574078074,"[128, 64]",relu,0.1,0.001,4096,200,0.0001,auto,False,0.5,2,1e-06,True,5,0.0001,66,61,0.05805643658160702,True,True,2,0.954357932195407
MLP-04h-tune,hard,Validation,0.9847445701614738,0.9550719424460432,0.9673024026813851,0.9611482664687729,0.9987536286109759,0.9949158066145029,0.5,True,standard,True,select_k_best,40,False,False,auto,,"[128, 64]",relu,0.1,0.0005,4096,200,0.0001,auto,False,0.5,2,1e-06,True,5,0.0001,75,70,0.035618268488848075,True,True,3,0.9611482664687729
MLP-04h-tune,hard,Validation,0.9807432624516716,0.9121655393022559,0.9973222580468878,0.9528450473811989,0.9987522818635797,0.99487254759257,0.5,True,standard,True,select_k_best,40,False,True,auto,4.126135574078074,"[128, 64]",relu,0.1,0.0005,4096,200,0.0001,auto,False,0.5,2,1e-06,True,5,0.0001,47,42,0.061413169583258695,True,True,4,0.9528450473811989
MLP-04h-tune,hard,Validation,0.9864111894473505,0.9523016702385803,0.9793977812995246,0.9656596860519415,0.9989998713581,0.995887908239655,0.5,True,standard,True,select_k_best,40,False,False,auto,,"[128, 64]",relu,0.1,0.001,4096,200,0.0001,auto,False,0.5,2,1e-06,True,5,0.0001,41,36,0.03101645983215053,True,True,5,0.9656596860519415
MLP-04h-tune,hard,Validation,0.9809031726176939,0.9125747704816969,0.9976865766799643,0.9532345928259394,0.9988290332763382,0.9951549355954817,0.5,True,standard,True,select_k_best,40,False,True,auto,4.126135574078074,"[128, 64]",relu,0.1,0.001,4096,200,0.0001,auto,False,0.5,2,1e-06,True,5,0.0001,34,29,0.05751247999883387,True,True,6,0.9532345928259394
MLP-04h-tune,hard,Validation,0.9863969752103707,0.9506697965018797,0.9811829426015993,0.9656853956757144,0.9990551494821507,0.9961510442903955,0.5,True,standard,True,select_k_best,40,False,False,auto,,"[128, 64]",relu,0.1,0.0005,4096,200,0.0001,auto,False,0.5,2,1e-06,True,5,0.0001,52,47,0.030183894151797588,True,True,7,0.9656853956757144
MLP-04h-tune,hard,Validation,0.9812514214236979,0.9138601144305993,0.9979598156547717,0.954060219772565,0.9989502298059671,0.9956251377869193,0.5,True,standard,True,select_k_best,40,False,True,auto,4.126135574078074,"[128, 64]",relu,0.1,0.0005,4096,200,0.0001,auto,False,0.5,2,1e-06,True,5,0.0001,53,48,0.05502531741281274,True,True,8,0.954060219772565
MLP-04h-tune,hard,Validation,0.984492267455083,0.9497338958010715,0.9719474652531104,0.9607122922630944,0.9986583513292953,0.994536212385797,0.5,True,standard,True,select_k_best,40,False,False,auto,,"[128, 64]",relu,0.2,0.001,4096,200,0.0001,auto,False,0.5,2,1e-06,True,5,0.0001,32,27,0.037181767689482254,True,True,9,0.9607122922630944
MLP-04h-tune,hard,Validation,0.9815250454855583,0.9170274896787836,0.9953549374282747,0.9545871439427688,0.9987085327384292,0.9946898608864827,0.5,True,standard,True,select_k_best,40,False,True,auto,4.126135574078074,"[128, 64]",relu,0.2,0.001,4096,200,0.0001,auto,False,0.5,2,1e-06,True,5,0.0001,47,42,0.06086305347401526,True,True,10,0.9545871439427688
MLP-04h-tune,hard,Validation,0.9836287525585626,0.9534061812542826,0.9631491702643131,0.9582529110597616,0.9985512534471226,0.9941404369176234,0.5,True,standard,True,select_k_best,40,False,False,auto,,"[128, 64]",relu,0.2,0.0005,4096,200,0.0001,auto,False,0.5,2,1e-06,True,5,0.0001,34,29,0.03841329675463484,True,True,11,0.9582529110597616
MLP-04h-tune,hard,Validation,0.9810488685467365,0.9137781339744874,0.9969215075505037,0.9535408445060066,0.9987914886465585,0.9950366479279593,0.5,True,standard,True,select_k_best,40,False,True,auto,4.126135574078074,"[128, 64]",relu,0.2,0.0005,4096,200,0.0001,auto,False,0.5,2,1e-06,True,5,0.0001,64,59,0.06031924715252499,True,True,12,0.9535408445060066
MLP-04h-tune,hard,Validation,0.9855938708210144,0.9529281807329806,0.9742791045047999,0.9634853725320651,0.998904425114769,0.9954982274389916,0.5,True,standard,True,select_k_best,40,False,False,auto,,"[128, 64]",relu,0.2,0.001,4096,200,0.0001,auto,False,0.5,2,1e-06,True,5,0.0001,34,29,0.03259605029756735,True,True,13,0.9634853725320651
MLP-04h-tune,hard,Validation,0.9814930634523539,0.9166373195150174,0.9956828241980437,0.9545264040234702,0.9988341117359978,0.9951766494846405,0.5,True,standard,True,select_k_best,40,False,True,auto,4.126135574078074,"[128, 64]",relu,0.2,0.001,4096,200,0.0001,auto,False,0.5,2,1e-06,True,5,0.0001,41,36,0.05667587397300251,True,True,14,0.9545264040234702
MLP-04h-tune,hard,Validation,0.9857217989538322,0.9497392380447273,0.9785962803067563,0.9639518400889989,0.9988632777256086,0.995347612157495,0.5,True,standard,True,select_k_best,40,False,False,auto,,"[128, 64]",relu,0.2,0.0005,4096,200,0.0001,auto,False,0.5,2,1e-06,True,5,0.0001,41,36,0.03265086248557704,True,True,15,0.9639518400889989
MLP-04h-tune,hard,Validation,0.9797411587445986,0.9066860657363931,0.998961691895732,0.9505897851466013,0.9988541776006961,0.9952773713548181,0.5,True,standard,True,select_k_best,40,False,True,auto,4.126135574078074,"[128, 64]",relu,0.2,0.0005,4096,200,0.0001,auto,False,0.5,2,1e-06,True,5,0.0001,53,48,0.05713342418328643,True,True,16,0.9505897851466013
MLP-04h-tune,hard,Validation,0.9852776040482147,0.9517731254005555,0.9738783540084157,0.9626988628690274,0.9989021924646877,0.9955532771919444,0.5,True,standard,True,select_k_best,40,False,False,auto,,"[256, 128, 64]",relu,0.1,0.001,4096,200,0.0001,auto,False,0.5,2,1e-06,True,5,0.0001,22,17,0.03276034688828261,True,True,17,0.9626988628690274
MLP-04h-tune,hard,Validation,0.9822748464862406,0.9185381480301226,0.997613712953349,0.9564442892071254,0.9991564198359852,0.9965170042135536,0.5,True,standard,True,select_k_best,40,False,True,auto,4.126135574078074,"[256, 128, 64]",relu,0.1,0.001,4096,200,0.0001,auto,False,0.5,2,1e-06,True,5,0.0001,39,34,0.05188507197413332,True,True,18,0.9564442892071254
MLP-04h-tune,hard,Validation,0.9872853650216057,0.956485385422782,0.9793795653678707,0.9677970983187529,0.9991182846848353,0.9963889293307828,0.5,True,standard,True,select_k_best,40,False,False,auto,,"[256, 128, 64]",relu,0.1,0.0005,4096,200,0.0001,auto,False,0.5,2,1e-06,True,5,0.0001,47,42,0.02953583327259073,True,True,19,0.9677970983187529
MLP-04h-tune,hard,Validation,0.9829358085057994,0.921412588118512,0.997613712953349,0.9580002448965312,0.9992056716745732,0.9966877181725512,0.5,True,standard,True,select_k_best,40,False,True,auto,4.126135574078074,"[256, 128, 64]",relu,0.1,0.0005,4096,200,0.0001,auto,False,0.5,2,1e-06,True,5,0.0001,54,49,0.04961765151617471,True,True,20,0.9580002448965312
MLP-04h-tune,hard,Validation,0.985377103707073,0.9511549395877754,0.9751170373608758,0.9629869487393975,0.9989156342043661,0.9955735415156893,0.5,True,standard,True,select_k_best,40,False,False,auto,,"[256, 128, 64]",relu,0.1,0.001,4096,200,0.0001,auto,False,0.5,2,1e-06,True,5,0.0001,19,14,0.031989987107611854,True,True,21,0.9629869487393975
MLP-04h-tune,hard,Validation,0.9823352569934046,0.9197860962566845,0.9963385977375813,0.9565331444610582,0.9991260670938397,0.9964225064983419,0.5,True,standard,True,select_k_best,40,False,True,auto,4.126135574078074,"[256, 128, 64]",relu,0.1,0.001,4096,200,0.0001,auto,False,0.5,2,1e-06,True,5,0.0001,36,31,0.05139029887669028,True,True,22,0.9565331444610582
MLP-04h-tune,hard,Validation,0.9877899704343871,0.9577647707662474,0.9806546805836385,0.9690745774305618,0.9992521744484019,0.9969696782927182,0.5,True,standard,True,select_k_best,40,False,False,auto,,"[256, 128, 64]",relu,0.1,0.0005,4096,200,0.0001,auto,False,0.5,2,1e-06,True,5,0.0001,48,43,0.027079054598194756,True,True,23,0.9690745774305618
MLP-04h-tune,hard,Validation,0.9814681885376393,0.9148740730843744,0.9978505200648488,0.9545624842079583,0.9990735439856011,0.9961567268432809,0.5,True,standard,True,select_k_best,40,False,True,auto,4.126135574078074,"[256, 128, 64]",relu,0.1,0.0005,4096,200,0.0001,auto,False,0.5,2,1e-06,True,5,0.0001,34,29,0.05279241769587503,True,True,24,0.9545624842079583
MLP-04h-tune,hard,Validation,0.9858781555606095,0.9502396067266715,0.9788695192815636,0.9643421147082047,0.9989236004124433,0.9955823754962654,0.5,True,standard,True,select_k_best,40,False,False,auto,,"[256, 128, 64]",relu,0.2,0.001,4096,200,0.0001,auto,False,0.5,2,1e-06,True,5,0.0001,22,17,0.032813574679065406,True,True,25,0.9643421147082047
MLP-04h-tune,hard,Validation,0.9828363088469411,0.9223566330920686,0.995846767582928,0.9576939247424847,0.9990596559973752,0.9961117193749152,0.5,True,standard,True,select_k_best,40,False,True,auto,4.126135574078074,"[256, 128, 64]",relu,0.2,0.001,4096,200,0.0001,auto,False,0.5,2,1e-06,True,5,0.0001,35,30,0.05426196738643784,True,True,26,0.9576939247424847
MLP-04h-tune,hard,Validation,0.9872711507846259,0.9569375434097345,0.9787966555549483,0.9677436784093365,0.9991223954148327,0.9964130442246634,0.5,True,standard,True,select_k_best,40,False,False,auto,,"[256, 128, 64]",relu,0.2,0.0005,4096,200,0.0001,auto,False,0.5,2,1e-06,True,5,0.0001,57,52,0.0299372353525576,True,True,27,0.9677436784093365
MLP-04h-tune,hard,Validation,0.9836145383215829,0.9260370069133794,0.9955188808131592,0.9595217402754734,0.9992004015749263,0.9966917571541556,0.5,True,standard,True,select_k_best,40,False,True,auto,4.126135574078074,"[256, 128, 64]",relu,0.2,0.0005,4096,200,0.0001,auto,False,0.5,2,1e-06,True,5,0.0001,56,51,0.05053029827517706,True,True,28,0.9595217402754734
MLP-04h-tune,hard,Validation,0.9841653400045486,0.9565705389308279,0.9625298285880831,0.9595409312123193,0.9988438106655032,0.995226007253884,0.5,True,standard,True,select_k_best,40,False,False,auto,,"[256, 128, 64]",relu,0.2,0.001,4096,200,0.0001,auto,False,0.5,2,1e-06,True,5,0.0001,22,17,0.03302040690382909,True,True,29,0.9595409312123193
MLP-04h-tune,hard,Validation,0.981013332954287,0.9142202755115688,0.9961382224893892,0.9534228901693792,0.9989639119601404,0.9956745094663185,0.5,True,standard,True,select_k_best,40,False,True,auto,4.126135574078074,"[256, 128, 64]",relu,0.2,0.001,4096,200,0.0001,auto,False,0.5,2,1e-06,True,5,0.0001,31,26,0.055231391499062574,True,True,30,0.9534228901693792
MLP-04h-tune,hard,Validation,0.9866812599499659,0.9577091722595078,0.9747709346594532,0.9661647347705197,0.9990485755791921,0.9961493422907947,0.5,True,standard,True,select_k_best,40,False,False,auto,,"[256, 128, 64]",relu,0.2,0.0005,4096,200,0.0001,auto,False,0.5,2,1e-06,True,5,0.0001,36,31,0.03012254562297544,True,True,31,0.9661647347705197
MLP-04h-tune,hard,Validation,0.9816352058221515,0.915870812356788,0.9974862014317722,0.9549378302495509,0.9990294254126534,0.9959519807372774,0.5,True,standard,True,select_k_best,40,False,True,auto,4.126135574078074,"[256, 128, 64]",relu,0.2,0.0005,4096,200,0.0001,auto,False,0.5,2,1e-06,True,5,0.0001,40,35,0.0532980631110897,True,True,32,0.9549378302495509
