experiment,dataset_variant,split,accuracy,precision,recall,f1,roc_auc,average_precision,threshold,scaling,scaler,use_network_features,drop_original_port_columns,feature_selection,feature_selection_method,selected_k_features,smote,use_pos_weight,pos_weight_mode,pos_weight_value,input_noise_std,input_dropout,global_pooling,gradient_clip_norm,conv_channels,kernel_size,fc_layers,activation,dropout,learning_rate,batch_size,epochs,weight_decay,device,scheduler_enabled,scheduler_factor,scheduler_patience,scheduler_min_lr,early_stopping,patience,min_delta,actual_epochs,best_epoch,best_val_loss,tuning_stage_1,tuning_stage_2,trial,selected_metric
CNN-20e-tune,easy,Validation,0.9792143477587033,0.9074100797287059,0.9875537407487387,0.945787153238012,0.9968340692247428,0.9854391406985006,0.5,True,standard,True,False,True,select_k_best,40,False,False,auto,,0.0,0.0,True,,"[32, 64]",3,[64],relu,0.0,0.001,4096,200,0.0001,auto,False,0.5,2,1e-06,True,5,0.0001,36,31,0.0549777777286651,True,True,1,0.945787153238012
CNN-20e-tune,easy,Validation,0.9795134996810247,0.9068450293974863,0.9901254441586996,0.9466571568001801,0.9971935011064367,0.98733678722003,0.5,True,standard,True,False,True,select_k_best,40,False,False,auto,,0.0,0.0,True,,"[32, 64]",3,[64],relu,0.0,0.0005,4096,200,0.0001,auto,False,0.5,2,1e-06,True,5,0.0001,62,57,0.05193269628533942,True,True,2,0.9466571568001801
CNN-20e-tune,easy,Validation,0.9804722275284645,0.9223432484088252,0.975794577828383,0.9483163216636459,0.9975318274864167,0.9889358292892431,0.5,True,standard,True,False,True,select_k_best,40,False,False,auto,,0.0,0.0,True,,"[32, 64]",3,[64],relu,0.0,0.001,4096,200,0.0001,auto,False,0.5,2,1e-06,True,5,0.0001,25,20,0.04869420625091561,True,True,3,0.9483163216636459
CNN-20e-tune,easy,Validation,0.9801009908055837,0.9234225835322196,0.9722413082314141,0.9472033355327959,0.9975573787057197,0.9890490718792911,0.5,True,standard,True,False,True,select_k_best,40,False,False,auto,,0.0,0.0,True,,"[32, 64]",3,[64],relu,0.0,0.0005,4096,200,0.0001,auto,False,0.5,2,1e-06,True,5,0.0001,21,16,0.04928695261254733,True,True,4,0.9472033355327959
CNN-20e-tune,easy,Validation,0.9800361144850802,0.9077307181089916,0.9921082078564558,0.9480457355106788,0.9974634986721636,0.98851185667386,0.5,True,standard,True,False,True,select_k_best,40,False,False,auto,,0.0,0.0,True,,"[32, 64]",3,[64],relu,0.1,0.001,4096,200,0.0001,auto,False,0.5,2,1e-06,True,5,0.0001,63,58,0.049437216236979484,True,True,5,0.9480457355106788
CNN-20e-tune,easy,Validation,0.9798018388832622,0.9073737936487968,0.9911659043169281,0.9474207652324033,0.9967469277085814,0.98471067383052,0.5,True,standard,True,False,True,select_k_best,40,False,False,auto,,0.0,0.0,True,,"[32, 64]",3,[64],relu,0.1,0.0005,4096,200,0.0001,auto,False,0.5,2,1e-06,True,5,0.0001,56,51,0.053611828074641786,True,True,6,0.9474207652324033
CNN-20e-tune,easy,Validation,0.9792575986390389,0.9113320224309955,0.9826262784899585,0.9456372859261498,0.997476595581459,0.988579457200377,0.5,True,standard,True,False,True,select_k_best,40,False,False,auto,,0.0,0.0,True,,"[32, 64]",3,[64],relu,0.1,0.001,4096,200,0.0001,auto,False,0.5,2,1e-06,True,5,0.0001,25,20,0.04971626216507092,True,True,7,0.9456372859261498
CNN-20e-tune,easy,Validation,0.9801154077656956,0.9116250407800776,0.9874163214825575,0.9480082553504283,0.9973720399236033,0.9881741038856184,0.5,True,standard,True,False,True,select_k_best,40,False,False,auto,,0.0,0.0,True,,"[32, 64]",3,[64],relu,0.1,0.0005,4096,200,0.0001,auto,False,0.5,2,1e-06,True,5,0.0001,27,22,0.05209095521325586,True,True,8,0.9480082553504283
CNN-20e-tune,easy,Validation,0.9800108848048845,0.9088354498784113,0.9904788079860225,0.9479023803708644,0.9970115899105274,0.9863030348024833,0.5,True,standard,True,False,True,select_k_best,40,False,False,auto,,0.0,0.0,True,,"[32, 64]",3,[64],relu,0.2,0.001,4096,200,0.0001,auto,False,0.5,2,1e-06,True,5,0.0001,41,36,0.052108004087935846,True,True,9,0.9479023803708644
CNN-20e-tune,easy,Validation,0.9676843839092308,0.8558059101775087,0.9909499597557864,0.9184330707228762,0.9949817116251368,0.9773100765825469,0.5,True,standard,True,False,True,select_k_best,40,False,False,auto,,0.0,0.0,True,,"[32, 64]",3,[64],relu,0.2,0.0005,4096,200,0.0001,auto,False,0.5,2,1e-06,True,5,0.0001,32,27,0.07052063562368047,True,True,10,0.9184330707228762
CNN-20e-tune,easy,Validation,0.9802019095263668,0.9094972067039107,0.9907536465183847,0.9483881272961316,0.9973321684339898,0.987732718577268,0.5,True,standard,True,False,True,select_k_best,40,False,False,auto,,0.0,0.0,True,,"[32, 64]",3,[64],relu,0.2,0.001,4096,200,0.0001,auto,False,0.5,2,1e-06,True,5,0.0001,36,31,0.04810909746382227,True,True,11,0.9483881272961316
CNN-20e-tune,easy,Validation,0.9775996482261733,0.8955635746126088,0.9938946583168103,0.9421704459807763,0.9973190269773838,0.9878150403638156,0.5,True,standard,True,False,True,select_k_best,40,False,False,auto,,0.0,0.0,True,,"[32, 64]",3,[64],relu,0.2,0.0005,4096,200,0.0001,auto,False,0.5,2,1e-06,True,5,0.0001,46,41,0.054821083169578066,True,True,12,0.9421704459807763
CNN-20e-tune,easy,Validation,0.9798522982436538,0.908954820091983,0.9893598225328334,0.9474545044367574,0.9973308820653974,0.9881273227293629,0.5,True,standard,True,False,True,select_k_best,40,False,False,auto,,0.0,0.0,True,,"[32, 64]",5,[64],relu,0.0,0.001,4096,200,0.0001,auto,False,0.5,2,1e-06,True,5,0.0001,36,31,0.05206109170621995,True,True,13,0.9474545044367574
CNN-20e-tune,easy,Validation,0.976810319660048,0.8961845923763063,0.9881623117846836,0.9399286687953989,0.9968573424644546,0.9856932918096647,0.5,True,standard,True,False,True,select_k_best,40,False,False,auto,,0.0,0.0,True,,"[32, 64]",5,[64],relu,0.0,0.0005,4096,200,0.0001,auto,False,0.5,2,1e-06,True,5,0.0001,36,31,0.05822485263086464,True,True,14,0.9399286687953989
CNN-20e-tune,easy,Validation,0.9796360438419757,0.9068288388638365,0.9908910657845659,0.9469981238273921,0.997366181908935,0.9882536761979888,0.5,True,standard,True,False,True,select_k_best,40,False,False,auto,,0.0,0.0,True,,"[32, 64]",5,[64],relu,0.0,0.001,4096,200,0.0001,auto,False,0.5,2,1e-06,True,5,0.0001,10,5,0.05317230631641088,True,True,15,0.9469981238273921
CNN-20e-tune,easy,Validation,0.9800216975249684,0.9108681485772211,0.9878482106048411,0.9477976700601791,0.9975379523082747,0.9889070507553493,0.5,True,standard,True,False,True,select_k_best,40,False,False,auto,,0.0,0.0,True,,"[32, 64]",5,[64],relu,0.0,0.0005,4096,200,0.0001,auto,False,0.5,2,1e-06,True,5,0.0001,13,8,0.04919766474468112,True,True,16,0.9477976700601791
CNN-20e-tune,easy,Validation,0.9804794360085204,0.9106572609017266,0.9908910657845659,0.9490814734031552,0.997459957594316,0.9882868334624644,0.5,True,standard,True,False,True,select_k_best,40,False,False,auto,,0.0,0.0,True,,"[32, 64]",5,[64],relu,0.1,0.001,4096,200,0.0001,auto,False,0.5,2,1e-06,True,5,0.0001,39,34,0.04758592439189624,True,True,17,0.9490814734031552
CNN-20e-tune,easy,Validation,0.980295619767094,0.9114666280584914,0.9887119888494081,0.948519233485569,0.9971431401552143,0.9866937372307794,0.5,True,standard,True,False,True,select_k_best,40,False,False,auto,,0.0,0.0,True,,"[32, 64]",5,[64],relu,0.1,0.0005,4096,200,0.0001,auto,False,0.5,2,1e-06,True,5,0.0001,66,61,0.05045605216031825,True,True,18,0.948519233485569
CNN-20e-tune,easy,Validation,0.979600001441696,0.9065637065637066,0.9910284850507469,0.9469162665066027,0.9974799361530751,0.9886156173208375,0.5,True,standard,True,False,True,select_k_best,40,False,False,auto,,0.0,0.0,True,,"[32, 64]",5,[64],relu,0.1,0.001,4096,200,0.0001,auto,False,0.5,2,1e-06,True,5,0.0001,21,16,0.047943299218260516,True,True,19,0.9469162665066027
CNN-20e-tune,easy,Validation,0.9804289766481289,0.9108571222216204,0.9903217573961012,0.9489287259457121,0.9977142729467144,0.9896584638911674,0.5,True,standard,True,False,True,select_k_best,40,False,False,auto,,0.0,0.0,True,,"[32, 64]",5,[64],relu,0.1,0.0005,4096,200,0.0001,auto,False,0.5,2,1e-06,True,5,0.0001,50,45,0.044324714452308414,True,True,20,0.9489287259457121
CNN-20e-tune,easy,Validation,0.9803965384878771,0.9095556995751423,0.9918530006478337,0.9489233427554538,0.9974751770442896,0.9884911297594695,0.5,True,standard,True,False,True,select_k_best,40,False,False,auto,,0.0,0.0,True,,"[32, 64]",5,[64],relu,0.2,0.001,4096,200,0.0001,auto,False,0.5,2,1e-06,True,5,0.0001,34,29,0.04848891315711511,True,True,21,0.9489233427554538
CNN-20e-tune,easy,Validation,0.9803136409672338,0.9094887356156243,0.9914407428492903,0.9486982003982417,0.9972060722447995,0.9871294381277026,0.5,True,standard,True,False,True,select_k_best,40,False,False,auto,,0.0,0.0,True,,"[32, 64]",5,[64],relu,0.2,0.0005,4096,200,0.0001,auto,False,0.5,2,1e-06,True,5,0.0001,66,61,0.04914842157303314,True,True,22,0.9486982003982417
CNN-20e-tune,easy,Validation,0.9803604960875975,0.9087151841868824,0.9927560415398811,0.9488784020865193,0.9977222177948782,0.9897391977126554,0.5,True,standard,True,False,True,select_k_best,40,False,False,auto,,0.0,0.0,True,,"[32, 64]",5,[64],relu,0.2,0.001,4096,200,0.0001,auto,False,0.5,2,1e-06,True,5,0.0001,28,23,0.04539065542027768,True,True,23,0.9488784020865193
CNN-20e-tune,easy,Validation,0.9797333583227309,0.9078113750899928,0.99016470680618,0.9472013821726025,0.9975392986077333,0.9889393810274318,0.5,True,standard,True,False,True,select_k_best,40,False,False,auto,,0.0,0.0,True,,"[32, 64]",5,[64],relu,0.2,0.0005,4096,200,0.0001,auto,False,0.5,2,1e-06,True,5,0.0001,28,23,0.04835686351805591,True,True,24,0.9472013821726025
CNN-20e-tune,easy,Validation,0.9802487646467304,0.9099467941202994,0.9904395453385422,0.9484884945104527,0.9975377925359654,0.9889327639894726,0.5,True,standard,True,False,True,select_k_best,40,False,False,auto,,0.0,0.0,True,,"[32, 64]",7,[64],relu,0.0,0.001,4096,200,0.0001,auto,False,0.5,2,1e-06,True,5,0.0001,29,24,0.048968047337136056,True,True,25,0.9484884945104527
CNN-20e-tune,easy,Validation,0.9761147013346501,0.8933250488194567,0.9878678419285812,0.9382207347882426,0.9971255713112841,0.9870408862951373,0.5,True,standard,True,False,True,select_k_best,40,False,False,auto,,0.0,0.0,True,,"[32, 64]",7,[64],relu,0.0,0.0005,4096,200,0.0001,auto,False,0.5,2,1e-06,True,5,0.0001,27,22,0.057057160106848706,True,True,26,0.9382207347882426
CNN-20e-tune,easy,Validation,0.9805118741687722,0.9181544339137462,0.981330611123108,0.9486919142556199,0.9977917828403324,0.9901280643350611,0.5,True,standard,True,False,True,select_k_best,40,False,False,auto,,0.0,0.0,True,,"[32, 64]",7,[64],relu,0.0,0.001,4096,200,0.0001,auto,False,0.5,2,1e-06,True,5,0.0001,20,15,0.04343026528279529,True,True,27,0.9486919142556199
CNN-20e-tune,easy,Validation,0.9816760436978061,0.9169773574611257,0.9898113429788571,0.9520033231373437,0.9978550321345023,0.9903361153021464,0.5,True,standard,True,False,True,select_k_best,40,False,False,auto,,0.0,0.0,True,,"[32, 64]",7,[64],relu,0.0,0.0005,4096,200,0.0001,auto,False,0.5,2,1e-06,True,5,0.0001,33,28,0.04313752523731315,True,True,28,0.9520033231373437
CNN-20e-tune,easy,Validation,0.980299224007122,0.9240539381166422,0.9726339347062173,0.9477217950189373,0.9974255308867318,0.9881576547846379,0.5,True,standard,True,False,True,select_k_best,40,False,False,auto,,0.0,0.0,True,,"[32, 64]",7,[64],relu,0.1,0.001,4096,200,0.0001,auto,False,0.5,2,1e-06,True,5,0.0001,25,20,0.05060536856452821,True,True,29,0.9477217950189373
CNN-20e-tune,easy,Validation,0.9808290472912334,0.911777448821172,0.991519268144251,0.9499778996172402,0.9977322136393525,0.9896758034332424,0.5,True,standard,True,False,True,select_k_best,40,False,False,auto,,0.0,0.0,True,,"[32, 64]",7,[64],relu,0.1,0.0005,4096,200,0.0001,auto,False,0.5,2,1e-06,True,5,0.0001,51,46,0.045755215705050756,True,True,30,0.9499778996172402
CNN-20e-tune,easy,Validation,0.9805839589693315,0.9086847299479633,0.9941498655254324,0.9494979797316934,0.9977097126974699,0.9896427074724997,0.5,True,standard,True,False,True,select_k_best,40,False,False,auto,,0.0,0.0,True,,"[32, 64]",7,[64],relu,0.1,0.001,4096,200,0.0001,auto,False,0.5,2,1e-06,True,5,0.0001,19,14,0.044294039742488335,True,True,31,0.9494979797316934
CNN-20e-tune,easy,Validation,0.9802235349665346,0.9066638035931572,0.9946799112664167,0.9486346573303502,0.9975912551586842,0.9891485737883842,0.5,True,standard,True,False,True,select_k_best,40,False,False,auto,,0.0,0.0,True,,"[32, 64]",7,[64],relu,0.1,0.0005,4096,200,0.0001,auto,False,0.5,2,1e-06,True,5,0.0001,18,13,0.048389255785890754,True,True,32,0.9486346573303502
CNN-20e-tune,easy,Validation,0.9808975278517648,0.9115551788194132,0.9922259957988967,0.9501814148478184,0.9978199541608384,0.9901300523712167,0.5,True,standard,True,False,True,select_k_best,40,False,False,auto,,0.0,0.0,True,,"[32, 64]",7,[64],relu,0.2,0.001,4096,200,0.0001,auto,False,0.5,2,1e-06,True,5,0.0001,45,40,0.044856637957211135,True,True,33,0.9501814148478184
CNN-20e-tune,easy,Validation,0.9807353370505062,0.9108307803207785,0.9922063644751565,0.9497787257232522,0.9977784670945409,0.9899373042498073,0.5,True,standard,True,False,True,select_k_best,40,False,False,auto,,0.0,0.0,True,,"[32, 64]",7,[64],relu,0.2,0.0005,4096,200,0.0001,auto,False,0.5,2,1e-06,True,5,0.0001,49,44,0.04606800043892399,True,True,34,0.9497787257232522
CNN-20e-tune,easy,Validation,0.9803352664074017,0.9074150378903241,0.9943461787628339,0.9488937597182413,0.997629351039301,0.9892730776087957,0.5,True,standard,True,False,True,select_k_best,40,False,False,auto,,0.0,0.0,True,,"[32, 64]",7,[64],relu,0.2,0.001,4096,200,0.0001,auto,False,0.5,2,1e-06,True,5,0.0001,25,20,0.04447678724192513,True,True,35,0.9488937597182413
CNN-20e-tune,easy,Validation,0.9796901074423953,0.904240131344136,0.994719173913897,0.9473241411544754,0.9975643875403549,0.9890215721673069,0.5,True,standard,True,False,True,select_k_best,40,False,False,auto,,0.0,0.0,True,,"[32, 64]",7,[64],relu,0.2,0.0005,4096,200,0.0001,auto,False,0.5,2,1e-06,True,5,0.0001,24,19,0.04708239002249165,True,True,36,0.9473241411544754
CNN-20e-tune,easy,Validation,0.979376538559962,0.9071916142859716,0.988829776791849,0.9462531231801018,0.9971900569666569,0.9871313564904719,0.5,True,standard,True,False,True,select_k_best,40,False,False,auto,,0.0,0.0,True,,"[64, 128]",3,[64],relu,0.0,0.001,4096,200,0.0001,auto,False,0.5,2,1e-06,True,5,0.0001,41,36,0.053153652828820695,True,True,37,0.9462531231801018
CNN-20e-tune,easy,Validation,0.9755740653304548,0.8906067574739076,0.9883586250220853,0.9369399547776568,0.9958523381520183,0.9802840718793985,0.5,True,standard,True,False,True,select_k_best,40,False,False,auto,,0.0,0.0,True,,"[64, 128]",3,[64],relu,0.0,0.0005,4096,200,0.0001,auto,False,0.5,2,1e-06,True,5,0.0001,26,21,0.06564385753806593,True,True,38,0.9369399547776568
CNN-20e-tune,easy,Validation,0.980180284086199,0.9228235381695016,0.9734584503033039,0.9474649623111977,0.9976147032509233,0.9892943325378406,0.5,True,standard,True,False,True,select_k_best,40,False,False,auto,,0.0,0.0,True,,"[64, 128]",3,[64],relu,0.0,0.001,4096,200,0.0001,auto,False,0.5,2,1e-06,True,5,0.0001,28,23,0.046634560392202665,True,True,39,0.9474649623111977
CNN-20e-tune,easy,Validation,0.9796504608020876,0.9137178245857616,0.9818802881878325,0.9465735536251633,0.9973163348551402,0.9880636343623326,0.5,True,standard,True,False,True,select_k_best,40,False,False,auto,,0.0,0.0,True,,"[64, 128]",3,[64],relu,0.0,0.0005,4096,200,0.0001,auto,False,0.5,2,1e-06,True,5,0.0001,15,10,0.05148718460825173,True,True,40,0.9465735536251633
CNN-20e-tune,easy,Validation,0.9803749130477093,0.9099740465719847,0.9911659043169281,0.9488362478035763,0.9975300113168334,0.9887144222411443,0.5,True,standard,True,False,True,select_k_best,40,False,False,auto,,0.0,0.0,True,,"[64, 128]",3,[64],relu,0.1,0.001,4096,200,0.0001,auto,False,0.5,2,1e-06,True,5,0.0001,39,34,0.04839537739435239,True,True,41,0.9488362478035763
CNN-20e-tune,easy,Validation,0.9804325808881569,0.9112597144406289,0.9898113429788571,0.9489126650293124,0.997425414795054,0.9882566360055145,0.5,True,standard,True,False,True,select_k_best,40,False,False,auto,,0.0,0.0,True,,"[64, 128]",3,[64],relu,0.1,0.0005,4096,200,0.0001,auto,False,0.5,2,1e-06,True,5,0.0001,63,58,0.04921686922068633,True,True,42,0.9489126650293124
CNN-20e-tune,easy,Validation,0.9803821215277653,0.9107175098400317,0.9902236007774005,0.9488079003056666,0.997712063954787,0.98962713622608,0.5,True,standard,True,False,True,select_k_best,40,False,False,auto,,0.0,0.0,True,,"[64, 128]",3,[64],relu,0.1,0.001,4096,200,0.0001,auto,False,0.5,2,1e-06,True,5,0.0001,37,32,0.04450585090692195,True,True,43,0.9488079003056666
CNN-20e-tune,easy,Validation,0.9799351957642971,0.9067778375470683,0.9927756728636212,0.947830079937025,0.9976405836349838,0.9893894024526546,0.5,True,standard,True,False,True,select_k_best,40,False,False,auto,,0.0,0.0,True,,"[64, 128]",3,[64],relu,0.1,0.0005,4096,200,0.0001,auto,False,0.5,2,1e-06,True,5,0.0001,35,30,0.047755801262768835,True,True,44,0.947830079937025
CNN-20e-tune,easy,Validation,0.9803821215277653,0.9109994941099949,0.9898506056263374,0.9487895979752933,0.9975470442496845,0.9889012149697937,0.5,True,standard,True,False,True,select_k_best,40,False,False,auto,,0.0,0.0,True,,"[64, 128]",3,[64],relu,0.2,0.001,4096,200,0.0001,auto,False,0.5,2,1e-06,True,5,0.0001,38,33,0.04874524303774832,True,True,45,0.9487895979752933
CNN-20e-tune,easy,Validation,0.9802379519266465,0.9097497656306339,0.9906358585759438,0.9484714351499431,0.99728182633304,0.9876715278208228,0.5,True,standard,True,False,True,select_k_best,40,False,False,auto,,0.0,0.0,True,,"[64, 128]",3,[64],relu,0.2,0.0005,4096,200,0.0001,auto,False,0.5,2,1e-06,True,5,0.0001,56,51,0.051247186662701144,True,True,46,0.9484714351499431
CNN-20e-tune,easy,Validation,0.9798090473633182,0.9056857025251892,0.993482400518267,0.9475546734571599,0.9974354447000204,0.9883966408969955,0.5,True,standard,True,False,True,select_k_best,40,False,False,auto,,0.0,0.0,True,,"[64, 128]",3,[64],relu,0.2,0.001,4096,200,0.0001,auto,False,0.5,2,1e-06,True,5,0.0001,24,19,0.049300847548825716,True,True,47,0.9475546734571599
CNN-20e-tune,easy,Validation,0.9804073512079611,0.9110850121962237,0.9898898682738178,0.9488540137744157,0.9976734114927925,0.9895303312035103,0.5,True,standard,True,False,True,select_k_best,40,False,False,auto,,0.0,0.0,True,,"[64, 128]",3,[64],relu,0.2,0.0005,4096,200,0.0001,auto,False,0.5,2,1e-06,True,5,0.0001,52,47,0.04606682434484731,True,True,48,0.9488540137744157
CNN-20e-tune,easy,Validation,0.979138658718116,0.9084658669416852,0.9856887649934235,0.9455031636034951,0.9970992912581136,0.9868587138937475,0.5,True,standard,True,False,True,select_k_best,40,False,False,auto,,0.0,0.0,True,,"[64, 128]",5,[64],relu,0.0,0.001,4096,200,0.0001,auto,False,0.5,2,1e-06,True,5,0.0001,21,16,0.05570970716829128,True,True,49,0.9455031636034951
CNN-20e-tune,easy,Validation,0.9795603548013884,0.9075114327896007,0.9895168731227547,0.9467416722232135,0.9971487405061585,0.9870661657435646,0.5,True,standard,True,False,True,select_k_best,40,False,False,auto,,0.0,0.0,True,,"[64, 128]",5,[64],relu,0.0,0.0005,4096,200,0.0001,auto,False,0.5,2,1e-06,True,5,0.0001,25,20,0.05406420592016872,True,True,50,0.9467416722232135
CNN-20e-tune,easy,Validation,0.980529895368912,0.909866609061943,0.9922456271226369,0.9492722321344728,0.9975394211128373,0.9888403658518948,0.5,True,standard,True,False,True,select_k_best,40,False,False,auto,,0.0,0.0,True,,"[64, 128]",5,[64],relu,0.0,0.001,4096,200,0.0001,auto,False,0.5,2,1e-06,True,5,0.0001,11,6,0.047904672501723096,True,True,51,0.9492722321344728
CNN-20e-tune,easy,Validation,0.9806055844094993,0.9219739913304434,0.9770509825477532,0.9487137941880082,0.9977117065796217,0.9896819376869727,0.5,True,standard,True,False,True,select_k_best,40,False,False,auto,,0.0,0.0,True,,"[64, 128]",5,[64],relu,0.0,0.0005,4096,200,0.0001,auto,False,0.5,2,1e-06,True,5,0.0001,19,14,0.04553402454801387,True,True,52,0.9487137941880082
CNN-20e-tune,easy,Validation,0.9803532876075415,0.9100677917207558,0.990910697108306,0.9487702414405609,0.9976518233374362,0.9894789557675171,0.5,True,standard,True,False,True,select_k_best,40,False,False,auto,,0.0,0.0,True,,"[64, 128]",5,[64],relu,0.1,0.001,4096,200,0.0001,auto,False,0.5,2,1e-06,True,5,0.0001,34,29,0.04636242246295875,True,True,53,0.9487702414405609
CNN-20e-tune,easy,Validation,0.9802703900868982,0.9094101755965781,0.9912836922593691,0.9485835587616471,0.9976206725472001,0.9893954982731319,0.5,True,standard,True,False,True,select_k_best,40,False,False,auto,,0.0,0.0,True,,"[64, 128]",5,[64],relu,0.1,0.0005,4096,200,0.0001,auto,False,0.5,2,1e-06,True,5,0.0001,39,34,0.04790943043454091,True,True,54,0.9485835587616471
CNN-20e-tune,easy,Validation,0.9810092592926318,0.9139625104238425,0.9897328176838964,0.9503397705959417,0.997851073100614,0.9902116940229269,0.5,True,standard,True,False,True,select_k_best,40,False,False,auto,,0.0,0.0,True,,"[64, 128]",5,[64],relu,0.1,0.001,4096,200,0.0001,auto,False,0.5,2,1e-06,True,5,0.0001,46,41,0.042260327509099235,True,True,55,0.9503397705959417
CNN-20e-tune,easy,Validation,0.9793260791995704,0.9151101070766066,0.978130705353462,0.9455715180384491,0.997444458553635,0.9884748536474136,0.5,True,standard,True,False,True,select_k_best,40,False,False,auto,,0.0,0.0,True,,"[64, 128]",5,[64],relu,0.1,0.0005,4096,200,0.0001,auto,False,0.5,2,1e-06,True,5,0.0001,21,16,0.049289092315835586,True,True,56,0.9455715180384491
CNN-20e-tune,easy,Validation,0.9803388706474296,0.9103424632817293,0.9904591766622823,0.9487124039826628,0.9976579367191288,0.9895035472364162,0.5,True,standard,True,False,True,select_k_best,40,False,False,auto,,0.0,0.0,True,,"[64, 128]",5,[64],relu,0.2,0.001,4096,200,0.0001,auto,False,0.5,2,1e-06,True,5,0.0001,37,32,0.04689876424787239,True,True,57,0.9487124039826628
CNN-20e-tune,easy,Validation,0.9802631816068423,0.9090827289578347,0.9916763187341723,0.9485850562409629,0.9975834802229764,0.9891684647624818,0.5,True,standard,True,False,True,select_k_best,40,False,False,auto,,0.0,0.0,True,,"[64, 128]",5,[64],relu,0.2,0.0005,4096,200,0.0001,auto,False,0.5,2,1e-06,True,5,0.0001,39,34,0.04818130456831623,True,True,58,0.9485850562409629
CNN-20e-tune,easy,Validation,0.9799532169644369,0.9080151779452227,0.9912247982881486,0.9477971955774971,0.9975800743470831,0.989076622856272,0.5,True,standard,True,False,True,select_k_best,40,False,False,auto,,0.0,0.0,True,,"[64, 128]",5,[64],relu,0.2,0.001,4096,200,0.0001,auto,False,0.5,2,1e-06,True,5,0.0001,20,15,0.04672909003904357,True,True,59,0.9477971955774971
CNN-20e-tune,easy,Validation,0.9786989414347038,0.9012350079304261,0.9927756728636212,0.9447931846205583,0.9970371162994716,0.9863870299425082,0.5,True,standard,True,False,True,select_k_best,40,False,False,auto,,0.0,0.0,True,,"[64, 128]",5,[64],relu,0.2,0.0005,4096,200,0.0001,auto,False,0.5,2,1e-06,True,5,0.0001,19,14,0.0553459450683361,True,True,60,0.9447931846205583
CNN-20e-tune,easy,Validation,0.9808939236117369,0.9117020892721828,0.992010051237755,0.9501621774079819,0.997778668597453,0.9899724310947168,0.5,True,standard,True,False,True,select_k_best,40,False,False,auto,,0.0,0.0,True,,"[64, 128]",7,[64],relu,0.0,0.001,4096,200,0.0001,auto,False,0.5,2,1e-06,True,5,0.0001,47,42,0.044786004001209835,True,True,61,0.9501621774079819
CNN-20e-tune,easy,Validation,0.9806560437698909,0.9112402541149293,0.9911855356406682,0.949533132105278,0.9976780797735987,0.9895515052379816,0.5,True,standard,True,False,True,select_k_best,40,False,False,auto,,0.0,0.0,True,,"[64, 128]",7,[64],relu,0.0,0.0005,4096,200,0.0001,auto,False,0.5,2,1e-06,True,5,0.0001,43,38,0.04651029583860269,True,True,62,0.949533132105278
CNN-20e-tune,easy,Validation,0.9802055137663948,0.9176576543459481,0.9801331003749583,0.9478670286484536,0.9969207121836982,0.9858687773971581,0.5,True,standard,True,False,True,select_k_best,40,False,False,auto,,0.0,0.0,True,,"[64, 128]",7,[64],relu,0.0,0.001,4096,200,0.0001,auto,False,0.5,2,1e-06,True,5,0.0001,12,7,0.04850772658146873,True,True,63,0.9478670286484536
CNN-20e-tune,easy,Validation,0.9810777398531633,0.9286746354919218,0.9715542119005085,0.9496306245802552,0.9979501402091412,0.9906841002220508,0.5,True,standard,True,False,True,select_k_best,40,False,False,auto,,0.0,0.0,True,,"[64, 128]",7,[64],relu,0.0,0.0005,4096,200,0.0001,auto,False,0.5,2,1e-06,True,5,0.0001,25,20,0.04256659714322921,True,True,64,0.9496306245802552
CNN-20e-tune,easy,Validation,0.9805947716894154,0.9102649543399557,0.9921082078564558,0.9494260647391459,0.9977540712452702,0.9898645375054774,0.5,True,standard,True,False,True,select_k_best,40,False,False,auto,,0.0,0.0,True,,"[64, 128]",7,[64],relu,0.1,0.001,4096,200,0.0001,auto,False,0.5,2,1e-06,True,5,0.0001,31,26,0.044865272207496074,True,True,65,0.9494260647391459
CNN-20e-tune,easy,Validation,0.9805046656887162,0.9095455690281725,0.9925204656549991,0.9492231870452945,0.9977070346154291,0.9896379763742218,0.5,True,standard,True,False,True,select_k_best,40,False,False,auto,,0.0,0.0,True,,"[64, 128]",7,[64],relu,0.1,0.0005,4096,200,0.0001,auto,False,0.5,2,1e-06,True,5,0.0001,39,34,0.04564293160611424,True,True,66,0.9492231870452945
CNN-20e-tune,easy,Validation,0.9809551956922123,0.9110470874223463,0.993246824633385,0.9503728609801454,0.997761621754401,0.989911980204628,0.5,True,standard,True,False,True,select_k_best,40,False,False,auto,,0.0,0.0,True,,"[64, 128]",7,[64],relu,0.1,0.001,4096,200,0.0001,auto,False,0.5,2,1e-06,True,5,0.0001,18,13,0.04355955441338728,True,True,67,0.9503728609801454
CNN-20e-tune,easy,Validation,0.9806992946502265,0.9133778293673824,0.9886334635544475,0.9495168512844685,0.9975746252316581,0.9890877269894773,0.5,True,standard,True,False,True,select_k_best,40,False,False,auto,,0.0,0.0,True,,"[64, 128]",7,[64],relu,0.1,0.0005,4096,200,0.0001,auto,False,0.5,2,1e-06,True,5,0.0001,17,12,0.045191385436899684,True,True,68,0.9495168512844685
CNN-20e-tune,easy,Validation,0.9808362557712893,0.9117211753663995,0.991637056086692,0.9500014105300773,0.9977747122502704,0.9899407139172179,0.5,True,standard,True,False,True,select_k_best,40,False,False,auto,,0.0,0.0,True,,"[64, 128]",7,[64],relu,0.2,0.001,4096,200,0.0001,auto,False,0.5,2,1e-06,True,5,0.0001,30,25,0.04480631710376836,True,True,69,0.9500014105300773
CNN-20e-tune,easy,Validation,0.9805947716894154,0.9094389818626305,0.9932075619859048,0.9494792155390823,0.9977499507057142,0.9898019190539555,0.5,True,standard,True,False,True,select_k_best,40,False,False,auto,,0.0,0.0,True,,"[64, 128]",7,[64],relu,0.2,0.0005,4096,200,0.0001,auto,False,0.5,2,1e-06,True,5,0.0001,39,34,0.04524159177504945,True,True,70,0.9494792155390823
CNN-20e-tune,easy,Validation,0.9805947716894154,0.9115399208629194,0.990419914014802,0.9493442221929511,0.9977515914160949,0.9897860804269055,0.5,True,standard,True,False,True,select_k_best,40,False,False,auto,,0.0,0.0,True,,"[64, 128]",7,[64],relu,0.2,0.001,4096,200,0.0001,auto,False,0.5,2,1e-06,True,5,0.0001,21,16,0.043103292212737454,True,True,71,0.9493442221929511
CNN-20e-tune,easy,Validation,0.9804866444885764,0.9071930734691687,0.9955633208347239,0.9493260950954698,0.9976692337524099,0.9894012518151459,0.5,True,standard,True,False,True,select_k_best,40,False,False,auto,,0.0,0.0,True,,"[64, 128]",7,[64],relu,0.2,0.0005,4096,200,0.0001,auto,False,0.5,2,1e-06,True,5,0.0001,34,29,0.04332912675672625,True,True,72,0.9493260950954698
