experiment,dataset_variant,split,accuracy,precision,recall,f1,roc_auc,average_precision,reconstruction_threshold,use_network_features,drop_original_port_columns,log_transform,log_transform_columns,scaling,scaler,feature_selection,feature_selection_method,selected_k_features,remove_correlated_features,correlation_threshold,encoder_layers,latent_dim,activation,output_activation,batch_norm,dropout,loss_function,learning_rate,batch_size,epochs,scheduler_enabled,scheduler_factor,scheduler_patience,scheduler_min_lr,denoising,noise_std,weight_decay,device,early_stopping,patience,min_delta,actual_epochs,best_epoch,best_val_loss,threshold_metric,threshold_candidates,tuning_stage_1,tuning_stage_2
AE-01h,hard,Validation,0.875593444393905,0.8954505686789151,0.4101681330491648,0.5626225903576827,0.8475430033510636,0.6649455236121417,0.5,False,False,False,auto,True,standard,False,select_k_best,40,False,0.95,"[64, 32]",16,relu,none,False,0.1,mse,0.001,4096,200,False,0.5,5,1e-06,False,0.05,0.0001,auto,True,10,0.0001,43,33,0.04961743745865761,f1,200,False,False
AE-01h,hard,Test,0.8755403621425792,0.890862245299347,0.4125453121299889,0.563938794058691,0.8495409842464972,0.6684834929100507,0.5,False,False,False,auto,True,standard,False,select_k_best,40,False,0.95,"[64, 32]",16,relu,none,False,0.1,mse,0.001,4096,200,False,0.5,5,1e-06,False,0.05,0.0001,auto,True,10,0.0001,43,33,0.04961743745865761,f1,200,False,False
AE-02h,hard,Validation,0.8773489026609051,0.8944801424479368,0.420933748656575,0.5724690639283546,0.8386503074133344,0.664275301510575,0.5,False,False,False,auto,True,standard,False,select_k_best,40,True,0.95,"[64, 32]",16,relu,none,False,0.1,mse,0.001,4096,200,False,0.5,5,1e-06,False,0.05,0.0001,auto,True,10,0.0001,56,46,0.04943418566512744,f1,200,False,False
AE-02h,hard,Test,0.8773935399961267,0.8912613908872902,0.4231287684208609,0.5738301249390128,0.8401711508564091,0.6670001761706305,0.5,False,False,False,auto,True,standard,False,select_k_best,40,True,0.95,"[64, 32]",16,relu,none,False,0.1,mse,0.001,4096,200,False,0.5,5,1e-06,False,0.05,0.0001,auto,True,10,0.0001,56,46,0.04943418566512744,f1,200,False,False
AE-03h,hard,Validation,0.8818334944280191,0.9612564998721337,0.4108239065887025,0.5756326650416672,0.7960922288442197,0.6387662078552323,0.5,False,False,False,auto,True,standard,True,select_k_best,40,False,0.95,"[64, 32]",16,relu,none,False,0.1,mse,0.001,4096,200,False,0.5,5,1e-06,False,0.05,0.0001,auto,True,10,0.0001,66,56,0.02384357508606699,f1,200,False,False
AE-03h,hard,Test,0.8819865071595208,0.9603872118201503,0.4120443740095087,0.5766730401529637,0.7973553207953819,0.640665943771128,0.5,False,False,False,auto,True,standard,True,select_k_best,40,False,0.95,"[64, 32]",16,relu,none,False,0.1,mse,0.001,4096,200,False,0.5,5,1e-06,False,0.05,0.0001,auto,True,10,0.0001,66,56,0.02384357508606699,f1,200,False,False
AE-04h,hard,Validation,0.882014725949511,0.9220981361142457,0.43166293240067766,0.5880440716660876,0.8277173575271839,0.6640045213368821,0.5,False,False,False,auto,True,standard,True,select_k_best,40,True,0.95,"[64, 32]",16,relu,none,False,0.1,mse,0.001,4096,200,False,0.5,5,1e-06,False,0.05,0.0001,auto,True,10,0.0001,87,77,0.03864563324202109,f1,200,False,False
AE-04h,hard,Test,0.8821286492767632,0.9184223702961908,0.43435889028544367,0.5897848132574821,0.8295016233304761,0.6665105568913691,0.5,False,False,False,auto,True,standard,True,select_k_best,40,True,0.95,"[64, 32]",16,relu,none,False,0.1,mse,0.001,4096,200,False,0.5,5,1e-06,False,0.05,0.0001,auto,True,10,0.0001,87,77,0.03864563324202109,f1,200,False,False
AE-05h,hard,Validation,0.823349016374801,0.9179561573178594,0.10373973076853016,0.18641266100391155,0.8771803931920915,0.649531287257724,0.5,False,False,True,auto,True,standard,False,select_k_best,40,False,0.95,"[64, 32]",16,relu,none,False,0.1,mse,0.001,4096,200,False,0.5,5,1e-06,False,0.05,0.0001,auto,True,10,0.0001,47,37,0.03152915669403495,f1,200,False,False
AE-05h,hard,Test,0.8235021330201469,0.9189903846153846,0.10445926006885622,0.1875950733598312,0.8763343315344855,0.6488278350127012,0.5,False,False,True,auto,True,standard,False,select_k_best,40,False,0.95,"[64, 32]",16,relu,none,False,0.1,mse,0.001,4096,200,False,0.5,5,1e-06,False,0.05,0.0001,auto,True,10,0.0001,47,37,0.03152915669403495,f1,200,False,False
AE-06h,hard,Validation,0.8236333011143961,0.8957018334836189,0.10856695265679363,0.19366054166463584,0.882511650321769,0.6649907809954486,0.5,False,False,True,auto,True,standard,False,select_k_best,40,True,0.95,"[64, 32]",16,relu,none,False,0.1,mse,0.001,4096,200,False,0.5,5,1e-06,False,0.05,0.0001,auto,True,10,0.0001,86,76,0.03676710527411013,f1,200,False,False
AE-06h,hard,Test,0.8237970779134248,0.8989185941724241,0.10902235094813924,0.19446023881081959,0.8818140555993328,0.6650304700392277,0.5,False,False,True,auto,True,standard,False,select_k_best,40,True,0.95,"[64, 32]",16,relu,none,False,0.1,mse,0.001,4096,200,False,0.5,5,1e-06,False,0.05,0.0001,auto,True,10,0.0001,86,76,0.03676710527411013,f1,200,False,False
AE-07h,hard,Validation,0.8236723902660905,0.9695675387079552,0.09924039565003552,0.1800515566131271,0.8692508466165079,0.6952717568015367,0.5,False,False,True,auto,True,standard,True,select_k_best,40,False,0.95,"[64, 32]",16,relu,none,False,0.1,mse,0.001,4096,200,False,0.5,5,1e-06,False,0.05,0.0001,auto,True,10,0.0001,77,67,0.017043069433383646,f1,200,False,False
AE-07h,hard,Test,0.8237029087607517,0.9685311585852318,0.09951363462484289,0.18048317158785876,0.8683826184640169,0.694009626918748,0.5,False,False,True,auto,True,standard,True,select_k_best,40,False,0.95,"[64, 32]",16,relu,none,False,0.1,mse,0.001,4096,200,False,0.5,5,1e-06,False,0.05,0.0001,auto,True,10,0.0001,77,67,0.017043069433383646,f1,200,False,False
AE-08h,hard,Validation,0.8244648339777121,0.8805701632991974,0.11590797311328488,0.20485166524475637,0.8814213673701153,0.6592678378494017,0.5,False,False,True,auto,True,standard,True,select_k_best,40,True,0.95,"[64, 32]",16,relu,none,False,0.1,mse,0.001,4096,200,False,0.5,5,1e-06,False,0.05,0.0001,auto,True,10,0.0001,86,76,0.03403926051349507,f1,200,False,False
AE-08h,hard,Test,0.8247529836518798,0.8841018582243634,0.11700092901251434,0.20665358257456323,0.8806085452122419,0.6594993968651794,0.5,False,False,True,auto,True,standard,True,select_k_best,40,True,0.95,"[64, 32]",16,relu,none,False,0.1,mse,0.001,4096,200,False,0.5,5,1e-06,False,0.05,0.0001,auto,True,10,0.0001,86,76,0.03403926051349507,f1,200,False,False
AE-09h,hard,Validation,0.8752700705026154,0.867686935849337,0.42550594750168497,0.5709990466645481,0.8681192003087675,0.6947702732571821,0.5,True,False,False,auto,True,standard,False,select_k_best,40,False,0.95,"[64, 32]",16,relu,none,False,0.1,mse,0.001,4096,200,False,0.5,5,1e-06,False,0.05,0.0001,auto,True,10,0.0001,48,38,0.06490188113549628,f1,200,False,False
AE-09h,hard,Test,0.8753040508726637,0.8647001417812885,0.42771918319762464,0.5723356672333839,0.8695187394359963,0.6980291748656116,0.5,True,False,False,auto,True,standard,False,select_k_best,40,False,0.95,"[64, 32]",16,relu,none,False,0.1,mse,0.001,4096,200,False,0.5,5,1e-06,False,0.05,0.0001,auto,True,10,0.0001,48,38,0.06490188113549628,f1,200,False,False
AE-10h,hard,Validation,0.8765813338639982,0.882453345471097,0.4237936499262255,0.5725994019271237,0.8701189336184438,0.71388400876688,0.5,True,False,False,auto,True,standard,False,select_k_best,40,True,0.95,"[64, 32]",16,relu,none,False,0.1,mse,0.001,4096,200,False,0.5,5,1e-06,False,0.05,0.0001,auto,True,10,0.0001,75,65,0.05429654063960206,f1,200,False,False
AE-10h,hard,Test,0.8766241957865523,0.8789722785665991,0.4262528006994918,0.5740992897361351,0.8715851139151596,0.7169896488771538,0.5,True,False,False,auto,True,standard,False,select_k_best,40,True,0.95,"[64, 32]",16,relu,none,False,0.1,mse,0.001,4096,200,False,0.5,5,1e-06,False,0.05,0.0001,auto,True,10,0.0001,75,65,0.05429654063960206,f1,200,False,False
AE-11h,hard,Validation,0.883670684557653,0.9649225863298787,0.4189117802430005,0.5841991616918583,0.8183980479378166,0.6704143483680083,0.5,True,False,False,auto,True,standard,True,select_k_best,40,False,0.95,"[64, 32]",16,relu,none,False,0.1,mse,0.001,4096,200,False,0.5,5,1e-06,False,0.05,0.0001,auto,True,10,0.0001,60,50,0.023141017613233183,f1,200,False,False
AE-11h,hard,Test,0.8837472926368607,0.9634001128078715,0.4200320600397107,0.5850072623253395,0.8192438906767874,0.6718133733251794,0.5,True,False,False,auto,True,standard,True,select_k_best,40,False,0.95,"[64, 32]",16,relu,none,False,0.1,mse,0.001,4096,200,False,0.5,5,1e-06,False,0.05,0.0001,auto,True,10,0.0001,60,50,0.023141017613233183,f1,200,False,False
AE-12h,hard,Validation,0.88237363543325,0.9358154043029673,0.4262710166311456,0.585735203934771,0.816318742054421,0.667515466326542,0.5,True,False,False,auto,True,standard,True,select_k_best,40,True,0.95,"[64, 32]",16,relu,none,False,0.1,mse,0.001,4096,200,False,0.5,5,1e-06,False,0.05,0.0001,auto,True,10,0.0001,44,34,0.03297596915231568,f1,200,False,False
AE-12h,hard,Test,0.8825994950401285,0.9342113104105834,0.4283567408055085,0.5873845519773694,0.8172370099684924,0.6687219698107395,0.5,True,False,False,auto,True,standard,True,select_k_best,40,True,0.95,"[64, 32]",16,relu,none,False,0.1,mse,0.001,4096,200,False,0.5,5,1e-06,False,0.05,0.0001,auto,True,10,0.0001,44,34,0.03297596915231568,f1,200,False,False
AE-13h,hard,Validation,0.8246105299067547,0.8896076501195331,0.11523398364209338,0.20403818862082312,0.9123268062351646,0.7509462158718135,0.5,True,False,True,auto,True,standard,False,select_k_best,40,False,0.95,"[64, 32]",16,relu,none,False,0.1,mse,0.001,4096,200,False,0.5,5,1e-06,False,0.05,0.0001,auto,True,10,0.0001,91,81,0.04168027551997808,f1,200,False,False
AE-13h,hard,Test,0.8246659216050688,0.8889199972002519,0.11567116600178516,0.20470499109452697,0.9114750912834926,0.7483781419857416,0.5,True,False,True,auto,True,standard,False,select_k_best,40,False,0.95,"[64, 32]",16,relu,none,False,0.1,mse,0.001,4096,200,False,0.5,5,1e-06,False,0.05,0.0001,auto,True,10,0.0001,91,81,0.04168027551997808,f1,200,False,False
AE-14h,hard,Validation,0.8413477939504207,0.8900981809878986,0.21303532069147676,0.34378858251513905,0.9040494628783641,0.7481327224744717,0.5,True,False,True,auto,True,standard,False,select_k_best,40,True,0.95,"[64, 32]",16,relu,none,False,0.1,mse,0.001,4096,200,False,0.5,5,1e-06,False,0.05,0.0001,auto,True,10,0.0001,66,56,0.049616365847690455,f1,200,False,False
AE-14h,hard,Test,0.8415541819099281,0.8898132042652953,0.2143286518388983,0.3454492072812683,0.9032646272656633,0.7460012424636437,0.5,True,False,True,auto,True,standard,False,select_k_best,40,True,0.95,"[64, 32]",16,relu,none,False,0.1,mse,0.001,4096,200,False,0.5,5,1e-06,False,0.05,0.0001,auto,True,10,0.0001,66,56,0.049616365847690455,f1,200,False,False
AE-15h,hard,Validation,0.8238927109392767,0.9625714780800555,0.10118950033699474,0.18312784334410231,0.8541507475348307,0.7005901012939917,0.5,True,False,True,auto,True,standard,True,select_k_best,40,False,0.95,"[64, 32]",16,relu,none,False,0.1,mse,0.001,4096,200,False,0.5,5,1e-06,False,0.05,0.0001,auto,True,10,0.0001,59,49,0.01900878015613251,f1,200,False,False
AE-15h,hard,Test,0.8238823631837702,0.9597621919696708,0.1014536313459752,0.18350906095551894,0.8533149028980598,0.6998158060657402,0.5,True,False,True,auto,True,standard,True,select_k_best,40,False,0.95,"[64, 32]",16,relu,none,False,0.1,mse,0.001,4096,200,False,0.5,5,1e-06,False,0.05,0.0001,auto,True,10,0.0001,59,49,0.01900878015613251,f1,200,False,False
AE-16h,hard,Validation,0.8292301569251762,0.9357879984711428,0.13379601799734048,0.23411850954642527,0.8884377390327599,0.7175955332816983,0.5,True,False,True,auto,True,standard,True,select_k_best,40,True,0.95,"[64, 32]",16,relu,none,False,0.1,mse,0.001,4096,200,False,0.5,5,1e-06,False,0.05,0.0001,auto,True,10,0.0001,60,50,0.031623205660475204,f1,200,False,False
AE-16h,hard,Test,0.8293601650269982,0.9385321685901932,0.13406014900632093,0.23460873307458738,0.8874952248630793,0.7160295155237096,0.5,True,False,True,auto,True,standard,True,select_k_best,40,True,0.95,"[64, 32]",16,relu,none,False,0.1,mse,0.001,4096,200,False,0.5,5,1e-06,False,0.05,0.0001,auto,True,10,0.0001,60,50,0.031623205660475204,f1,200,False,False
AE-17h,hard,Validation,0.8775052592676825,0.8981055585873547,0.419695065304115,0.5720599371826545,0.8710772412763315,0.6966399119009434,0.5,True,True,False,auto,True,standard,False,select_k_best,40,False,0.95,"[64, 32]",16,relu,none,False,0.1,mse,0.001,4096,200,False,0.5,5,1e-06,False,0.05,0.0001,auto,True,10,0.0001,74,64,0.053532315892775496,f1,200,False,False
AE-17h,hard,Test,0.8777897611479397,0.8968647184052642,0.42207224438493907,0.5740103057028192,0.8725795782667816,0.6999639091028931,0.5,True,True,False,auto,True,standard,False,select_k_best,40,False,0.95,"[64, 32]",16,relu,none,False,0.1,mse,0.001,4096,200,False,0.5,5,1e-06,False,0.05,0.0001,auto,True,10,0.0001,74,64,0.053532315892775496,f1,200,False,False
AE-18h,hard,Validation,0.8775159199454173,0.8619211281578855,0.4431207534109332,0.5853224254090471,0.8672256237007763,0.7061639450998808,0.5,True,True,False,auto,True,standard,False,select_k_best,40,True,0.95,"[64, 32]",16,relu,none,False,0.1,mse,0.001,4096,200,False,0.5,5,1e-06,False,0.05,0.0001,auto,True,10,0.0001,51,41,0.05809425790177474,f1,200,False,False
AE-18h,hard,Test,0.877441512960696,0.858223626470072,0.44531577317521903,0.5863735578422201,0.868928459571958,0.708956562921883,0.5,True,True,False,auto,True,standard,False,select_k_best,40,True,0.95,"[64, 32]",16,relu,none,False,0.1,mse,0.001,4096,200,False,0.5,5,1e-06,False,0.05,0.0001,auto,True,10,0.0001,51,41,0.05809425790177474,f1,200,False,False
AE-19h,hard,Validation,0.882018279508756,0.9373488147073052,0.4235204109514181,0.5834305717619603,0.7891709221956323,0.6533211775354586,0.5,True,True,False,auto,True,standard,True,select_k_best,40,False,0.95,"[64, 32]",16,relu,none,False,0.1,mse,0.001,4096,200,False,0.5,5,1e-06,False,0.05,0.0001,auto,True,10,0.0001,32,22,0.027484726021850186,f1,200,False,False
AE-19h,hard,Test,0.8822761217234021,0.93672384391614,0.42526003242435834,0.5849573099305307,0.7897140386073088,0.6544942482815785,0.5,True,True,False,auto,True,standard,True,select_k_best,40,False,0.95,"[64, 32]",16,relu,none,False,0.1,mse,0.001,4096,200,False,0.5,5,1e-06,False,0.05,0.0001,auto,True,10,0.0001,32,22,0.027484726021850186,f1,200,False,False
AE-20h,hard,Validation,0.8867231919490561,0.9456058846302748,0.4449241306446618,0.6051259182181922,0.8623566316939186,0.7127017357864133,0.5,True,True,False,auto,True,standard,True,select_k_best,40,True,0.95,"[64, 32]",16,relu,none,False,0.1,mse,0.001,4096,200,False,0.5,5,1e-06,False,0.05,0.0001,auto,True,10,0.0001,66,56,0.030233439098309754,f1,200,False,False
AE-20h,hard,Test,0.8867518216400713,0.9428461538461539,0.4465453485618522,0.6060546126555991,0.863957218560867,0.7148729576950289,0.5,True,True,False,auto,True,standard,True,select_k_best,40,True,0.95,"[64, 32]",16,relu,none,False,0.1,mse,0.001,4096,200,False,0.5,5,1e-06,False,0.05,0.0001,auto,True,10,0.0001,66,56,0.030233439098309754,f1,200,False,False
AE-21h,hard,Validation,0.8282173925403684,0.9066997518610422,0.13312202852614896,0.23215845735978524,0.9077511365992927,0.7652216455620243,0.5,True,True,True,auto,True,standard,False,select_k_best,40,False,0.95,"[64, 32]",16,relu,none,False,0.1,mse,0.001,4096,200,False,0.5,5,1e-06,False,0.05,0.0001,auto,True,10,0.0001,61,51,0.043782599347280036,f1,200,False,False
AE-21h,hard,Test,0.8282159209831971,0.9034402117053357,0.13370493833907135,0.23293637885483526,0.9070608492682655,0.7653326020060417,0.5,True,True,True,auto,True,standard,False,select_k_best,40,False,0.95,"[64, 32]",16,relu,none,False,0.1,mse,0.001,4096,200,False,0.5,5,1e-06,False,0.05,0.0001,auto,True,10,0.0001,61,51,0.043782599347280036,f1,200,False,False
AE-22h,hard,Validation,0.8529004150557198,0.921463353727057,0.2688671512104487,0.4162730028907847,0.9093160135665532,0.7575470282309925,0.5,True,True,True,auto,True,standard,False,select_k_best,40,True,0.95,"[64, 32]",16,relu,none,False,0.1,mse,0.001,4096,200,False,0.5,5,1e-06,False,0.05,0.0001,auto,True,10,0.0001,62,52,0.04539455422046098,f1,200,False,False
AE-22h,hard,Test,0.8532453710531132,0.9212825278810409,0.27086179572654245,0.41864098990666837,0.9088413742580086,0.7565592438237629,0.5,True,True,True,auto,True,standard,False,select_k_best,40,True,0.95,"[64, 32]",16,relu,none,False,0.1,mse,0.001,4096,200,False,0.5,5,1e-06,False,0.05,0.0001,auto,True,10,0.0001,62,52,0.04539455422046098,f1,200,False,False
AE-23h,hard,Validation,0.8424707186718217,0.9781015292733689,0.1968960052461883,0.3278037241462971,0.8608534114545867,0.6881970915336237,0.5,True,True,True,auto,True,standard,True,select_k_best,40,False,0.95,"[64, 32]",16,relu,none,False,0.1,mse,0.001,4096,200,False,0.5,5,1e-06,False,0.05,0.0001,auto,True,10,0.0001,93,83,0.018039876344743078,f1,200,False,False
AE-23h,hard,Test,0.8425545070600213,0.9779753576747755,0.19736051150336084,0.3284401027654205,0.8600700552717225,0.6866981252360894,0.5,True,True,True,auto,True,standard,True,select_k_best,40,False,0.95,"[64, 32]",16,relu,none,False,0.1,mse,0.001,4096,200,False,0.5,5,1e-06,False,0.05,0.0001,auto,True,10,0.0001,93,83,0.018039876344743078,f1,200,False,False
AE-24h,hard,Validation,0.8672887764384808,0.9590897201150929,0.3339526750095634,0.49540615035399665,0.9140217861662789,0.7771397497059508,0.5,True,True,True,auto,True,standard,True,select_k_best,40,True,0.95,"[64, 32]",16,relu,none,False,0.1,mse,0.001,4096,200,False,0.5,5,1e-06,False,0.05,0.0001,auto,True,10,0.0001,84,74,0.031027360409185075,f1,200,False,False
AE-24h,hard,Test,0.8677687418823525,0.9616067233909276,0.33556478496092684,0.4975153266535231,0.9134621558838465,0.7765393847604491,0.5,True,True,True,auto,True,standard,True,select_k_best,40,True,0.95,"[64, 32]",16,relu,none,False,0.1,mse,0.001,4096,200,False,0.5,5,1e-06,False,0.05,0.0001,auto,True,10,0.0001,84,74,0.031027360409185075,f1,200,False,False
AE-24h-tune,hard,Validation,0.9169355526495337,0.827794184934071,0.7250305116855201,0.7730119733149478,0.9369721627133083,0.8551266133956058,0.010938720777630806,True,True,True,auto,True,standard,True,select_k_best,40,True,0.95,"[128, 64, 32]",32,relu,none,True,0.0,mse,0.0005,4096,200,False,0.5,5,1e-06,False,0.05,0.0001,auto,True,10,0.0001,53,43,0.0026644734814566698,f1,200,True,True
AE-24h-final,hard,Validation,0.9171985160336593,0.8385334076201089,0.712807621545804,0.7705758987032679,0.9529943541998489,0.8736434667915157,0.007427654713485859,True,True,True,auto,True,standard,True,select_k_best,40,True,0.95,"[128, 64, 32]",32,relu,none,True,0.0,mse,0.0005,4096,200,True,0.5,3,1e-06,True,0.01,0.0001,auto,True,10,0.0001,72,62,0.0014975865420081226,f1,200,True,True
AE-24h-final,hard,Test,0.9163244891323468,0.8366479103131309,0.7096198335063847,0.7679161040420268,0.9525373376868518,0.8724957543328036,0.007427654713485859,True,True,True,auto,True,standard,True,select_k_best,40,True,0.95,"[128, 64, 32]",32,relu,none,True,0.0,mse,0.0005,4096,200,True,0.5,3,1e-06,True,0.01,0.0001,auto,True,10,0.0001,72,62,0.0014975865420081226,f1,200,True,True
