experiment,dataset_variant,split,accuracy,precision,recall,f1,roc_auc,average_precision,threshold,scaling,scaler,use_network_features,drop_original_port_columns,feature_selection,feature_selection_method,selected_k_features,smote,use_pos_weight,pos_weight_mode,pos_weight_value,conv_channels,kernel_size,fc_layers,activation,batch_norm,dropout,learning_rate,batch_size,epochs,gradient_clip_norm,global_pooling,input_dropout,input_noise_std,scheduler_enabled,scheduler_factor,scheduler_patience,scheduler_min_lr,weight_decay,device,early_stopping,patience,min_delta,actual_epochs,best_epoch,best_val_loss,tuning_stage_1,tuning_stage_2
CNN-01m,medium,Validation,0.966251468023773,0.9166296296296297,0.9085702747847795,0.9125821587588381,0.9944089899248308,0.979288224300126,0.5,True,standard,False,False,False,select_k_best,40,False,False,auto,,"[16, 32]",3,[64],relu,,0.2,0.001,4096,200,,True,0.0,0.0,False,0.5,2,1e-06,0.0001,auto,True,5,0.0001,63,58,0.07958906286869818,False,False
CNN-02m,medium,Validation,0.9667497063952454,0.925650697849868,0.900860882174783,0.9130875636052428,0.9946234055333301,0.9789133367783646,0.5,True,standard,False,False,False,select_k_best,40,False,False,auto,,"[16, 32]",3,[64],relu,,0.2,0.001,4096,200,,True,0.0,0.0,False,0.5,2,1e-06,0.0001,auto,True,5,0.0001,95,90,0.0776718132907676,False,False
CNN-03m,medium,Validation,0.9584860671198263,0.8557634780296484,0.9451898896822629,0.8982564478286278,0.9908171377945659,0.963930662715402,0.5,True,standard,False,False,True,select_k_best,40,False,False,auto,,"[16, 32]",3,[64],relu,,0.2,0.001,4096,200,,True,0.0,0.0,False,0.5,2,1e-06,0.0001,auto,True,5,0.0001,38,33,0.10064809349132495,False,False
CNN-04m,medium,Validation,0.967119826328339,0.9026630589575619,0.9307806677802456,0.9165062581898694,0.9940472998967614,0.9766904304466754,0.5,True,standard,False,False,True,select_k_best,40,False,False,auto,,"[16, 32]",3,[64],relu,,0.2,0.001,4096,200,,True,0.0,0.0,False,0.5,2,1e-06,0.0001,auto,True,5,0.0001,48,43,0.08190276036170578,False,False
CNN-05m,medium,Validation,0.9642976618384996,0.8670211887499794,0.9636557205528736,0.912787968356081,0.9941191502885369,0.9758323976048828,0.5,True,standard,True,False,False,select_k_best,40,False,False,auto,,"[16, 32]",3,[64],relu,,0.2,0.001,4096,200,,True,0.0,0.0,False,0.5,2,1e-06,0.0001,auto,True,5,0.0001,48,43,0.08155283398350607,False,False
CNN-06m,medium,Validation,0.9616712338517385,0.8446049291221873,0.9832045375282219,0.9086498498702268,0.9938766480597437,0.974823452015149,0.5,True,standard,True,False,False,select_k_best,40,False,False,auto,,"[16, 32]",3,[64],relu,,0.2,0.001,4096,200,,True,0.0,0.0,False,0.5,2,1e-06,0.0001,auto,True,5,0.0001,40,35,0.09017489284569694,False,False
CNN-07m,medium,Validation,0.9630627424463504,0.8538871412980676,0.9765964867196535,0.9111288071446308,0.9932557804825365,0.9712463700402048,0.5,True,standard,True,False,True,select_k_best,40,False,False,auto,,"[16, 32]",3,[64],relu,,0.2,0.001,4096,200,,True,0.0,0.0,False,0.5,2,1e-06,0.0001,auto,True,5,0.0001,60,55,0.08435035654786108,False,False
CNN-08m,medium,Validation,0.9749777572155592,0.9200871197365159,0.9537803557334018,0.9366308256649212,0.9959923080866752,0.9827367109385868,0.5,True,standard,True,False,True,select_k_best,40,False,False,auto,,"[16, 32]",3,[64],relu,,0.2,0.001,4096,200,,True,0.0,0.0,False,0.5,2,1e-06,0.0001,auto,True,5,0.0001,61,56,0.06318157164879705,False,False
CNN-09m,medium,Validation,0.9683832164845724,0.8999350911355543,0.9416288845243121,0.9203100052026336,0.9934636855646153,0.9726156390373458,0.5,True,standard,True,True,False,select_k_best,40,False,False,auto,,"[16, 32]",3,[64],relu,,0.2,0.001,4096,200,,True,0.0,0.0,False,0.5,2,1e-06,0.0001,auto,True,5,0.0001,44,39,0.0832190048458517,False,False
CNN-10m,medium,Validation,0.9669240898252607,0.8629958707562783,0.9859211806384112,0.9203721790983396,0.9958974276816475,0.9831399116642177,0.5,True,standard,True,True,False,select_k_best,40,False,False,auto,,"[16, 32]",3,[64],relu,,0.2,0.001,4096,200,,True,0.0,0.0,False,0.5,2,1e-06,0.0001,auto,True,5,0.0001,38,33,0.07397577890418909,False,False
CNN-11m,medium,Validation,0.9489483611516424,0.7998207082025998,0.982617155234127,0.8818456621831989,0.9900302492207301,0.958145195189481,0.5,True,standard,True,True,True,select_k_best,40,False,False,auto,,"[16, 32]",3,[64],relu,,0.2,0.001,4096,200,,True,0.0,0.0,False,0.5,2,1e-06,0.0001,auto,True,5,0.0001,27,22,0.10410757134019397,False,False
CNN-12m,medium,Validation,0.9730203921847752,0.9116314994909244,0.9532480405293783,0.9319754138812867,0.9955530674665709,0.9806974992215093,0.5,True,standard,True,True,True,select_k_best,40,False,False,auto,,"[16, 32]",3,[64],relu,,0.2,0.001,4096,200,,True,0.0,0.0,False,0.5,2,1e-06,0.0001,auto,True,5,0.0001,47,42,0.06620831596430919,False,False
CNN-13m,medium,Validation,0.962005765329727,0.9139309406361626,0.8876264248609556,0.9005866468013781,0.9924010224837557,0.9714677550072901,0.5,True,standard,False,False,False,select_k_best,40,False,False,auto,,"[16, 32]",3,[64],relu,,0.2,0.001,4096,200,,True,0.0,0.0,False,0.5,2,1e-06,0.0001,auto,True,5,0.0001,38,33,0.09133832434312215,False,False
CNN-14m,medium,Validation,0.9648030179009929,0.9038346586483598,0.9159125534609666,0.909833524788943,0.9927942567641487,0.9728755291041186,0.5,True,standard,False,False,False,select_k_best,40,False,False,auto,,"[16, 32]",3,[64],relu,,0.2,0.001,4096,200,,True,0.0,0.0,False,0.5,2,1e-06,0.0001,auto,True,5,0.0001,38,33,0.08949474042524855,False,False
CNN-15m,medium,Validation,0.9534894480230613,0.8402629416598192,0.9385267717836231,0.8866807134372101,0.9875687925632645,0.9539470819938662,0.5,True,standard,False,False,True,select_k_best,40,False,False,auto,,"[16, 32]",3,[64],relu,,0.2,0.001,4096,200,,True,0.0,0.0,False,0.5,2,1e-06,0.0001,auto,True,5,0.0001,16,11,0.11716538179173809,False,False
CNN-16m,medium,Validation,0.9677675362112531,0.912132980074765,0.9226307384496779,0.9173518273486335,0.9951318408925649,0.981012188875085,0.5,True,standard,False,False,True,select_k_best,40,False,False,auto,,"[16, 32]",3,[64],relu,,0.2,0.001,4096,200,,True,0.0,0.0,False,0.5,2,1e-06,0.0001,auto,True,5,0.0001,63,58,0.07482955043894095,False,False
CNN-17m,medium,Validation,0.9592476600590768,0.847358563678636,0.9633436737091357,0.9016363870635228,0.9923916299692771,0.9687697683147851,0.5,True,standard,True,False,False,select_k_best,40,False,False,auto,,"[16, 32]",3,[64],relu,,0.2,0.001,4096,200,,True,0.0,0.0,False,0.5,2,1e-06,0.0001,auto,True,5,0.0001,27,22,0.09340068529487237,False,False
CNN-18m,medium,Validation,0.9561301113918644,0.832512937018806,0.9685934029626094,0.8954124704105614,0.9917657884424289,0.9653232469871426,0.5,True,standard,True,False,False,select_k_best,40,False,False,auto,,"[16, 32]",3,[64],relu,,0.2,0.001,4096,200,,True,0.0,0.0,False,0.5,2,1e-06,0.0001,auto,True,5,0.0001,18,13,0.10589913204012699,False,False
CNN-19m,medium,Validation,0.9631018897469661,0.853924290322063,0.9767800436865581,0.9112298366382411,0.9928128061384756,0.9695248243573307,0.5,True,standard,True,False,True,select_k_best,40,False,False,auto,,"[16, 32]",3,[64],relu,,0.2,0.001,4096,200,,True,0.0,0.0,False,0.5,2,1e-06,0.0001,auto,True,5,0.0001,54,49,0.08564798396523939,False,False
CNN-20m,medium,Validation,0.9745613722908288,0.9185990979039533,0.9532663962260688,0.9356117246473418,0.9951651091999988,0.978823226745659,0.5,True,standard,True,False,True,select_k_best,40,False,False,auto,,"[16, 32]",3,[64],relu,,0.2,0.001,4096,200,,True,0.0,0.0,False,0.5,2,1e-06,0.0001,auto,True,5,0.0001,40,35,0.0680976677472394,False,False
CNN-21m,medium,Validation,0.9696715185593794,0.9018695674985572,0.946566566934048,0.9236776585645453,0.9945193100030899,0.9774942313281895,0.5,True,standard,True,True,False,select_k_best,40,False,False,auto,,"[16, 32]",3,[64],relu,,0.2,0.001,4096,200,,True,0.0,0.0,False,0.5,2,1e-06,0.0001,auto,True,5,0.0001,60,55,0.07657951776749249,False,False
CNN-22m,medium,Validation,0.9654471689383964,0.8607341992458182,0.9804144716312707,0.9166845442921747,0.9958329042607216,0.9830116221947837,0.5,True,standard,True,True,False,select_k_best,40,False,False,auto,,"[16, 32]",3,[64],relu,,0.2,0.001,4096,200,,True,0.0,0.0,False,0.5,2,1e-06,0.0001,auto,True,5,0.0001,38,33,0.07660832697799856,False,False
CNN-23m,medium,Validation,0.9486956831203958,0.8012663367974613,0.9779364525780576,0.880829957840787,0.9894014109579017,0.9561008726965025,0.5,True,standard,True,True,True,select_k_best,40,False,False,auto,,"[16, 32]",3,[64],relu,,0.2,0.001,4096,200,,True,0.0,0.0,False,0.5,2,1e-06,0.0001,auto,True,5,0.0001,27,22,0.10369485058724326,False,False
CNN-24m,medium,Validation,0.9733940709633795,0.9134749027956157,0.9530461278657831,0.9328410499649652,0.9957635072945861,0.9816694131695249,0.5,True,standard,True,True,True,select_k_best,40,False,False,auto,,"[16, 32]",3,[64],relu,,0.2,0.001,4096,200,,True,0.0,0.0,False,0.5,2,1e-06,0.0001,auto,True,5,0.0001,50,45,0.06527013349019317,False,False
CNN-08m-tune,medium,Validation,0.9831666607352575,0.9544698810589589,0.9589199508067329,0.9566897410540967,0.9983182910057099,0.993115783342784,0.5,True,standard,True,False,True,select_k_best,40,False,False,auto,,"[64, 128]",5,[64],relu,,0.0,0.0005,4096,200,,True,0.0,0.0,False,0.5,2,1e-06,0.0001,auto,True,5,0.0001,31,26,0.040860339794287395,True,True
CNN-20m-tune,medium,Validation,0.9831737784262785,0.940640887109631,0.9747242056572257,0.9573792954242238,0.9984952145540876,0.9938928724859685,0.55,True,standard,True,False,True,select_k_best,40,False,False,auto,,"[32, 64]",7,[64],relu,,0.0,0.0005,4096,200,,True,0.0,0.0,False,0.5,2,1e-06,0.0001,auto,True,5,0.0001,28,23,0.03909091153102709,True,True
CNN-20m-final,medium,Validation,0.9835866045054984,0.9442177840332092,0.9728152132014171,0.9583031968754521,0.9985569418047864,0.99412604846183,0.45,True,standard,True,False,True,select_k_best,40,False,False,auto,,"[16, 32]",7,[64],relu,,0.0,0.001,4096,200,,True,0.0,0.0,True,0.5,2,1e-06,0.0001,auto,True,5,0.0001,34,29,0.03847269883574958,True,True
CNN-20m-final,medium,Test,0.9835421189366169,0.9439833285836421,0.9728424974990134,0.958195665438767,0.9985682385266067,0.994038161865453,0.45,True,standard,True,False,True,select_k_best,40,False,False,auto,,"[16, 32]",7,[64],relu,,0.0,0.001,4096,200,,True,0.0,0.0,True,0.5,2,1e-06,0.0001,auto,True,5,0.0001,34,29,0.03847269883574958,True,True
